City_ID,City,Country,Date,Lat,Lng,Max Temp,Humidity,Cloudiness,Wind Speed
0,Victoria,HK,2022-08-01 00:10:50,22.2855,114.1577,89.26,76,19,1.01
1,Saint-Philippe,RE,2022-08-01 00:14:25,-21.3585,55.7679,66.22,79,61,14.38
2,Hobart,AU,2022-08-01 00:14:25,-42.8794,147.3294,51.26,72,75,20.71
3,Jamestown,US,2022-08-01 00:13:51,42.097,-79.2353,74.95,52,20,4.61
4,Belyy Yar,RU,2022-08-01 00:14:26,53.6039,91.3903,63.86,88,0,2.24
5,Port Elizabeth,ZA,2022-08-01 00:14:26,-33.918,25.5701,48.31,84,2,1.99
6,Mahebourg,MU,2022-08-01 00:14:26,-20.4081,57.7,69.26,73,8,12.71
7,Jalu,LY,2022-08-01 00:11:47,29.0331,21.5482,81.36,57,0,16.53
8,Bluff,NZ,2022-08-01 00:14:27,-46.6,168.3333,49.8,76,59,15.97
9,Tuy Hoa,VN,2022-08-01 00:14:27,13.0833,109.3,78.6,87,100,4.41
10,Cidreira,BR,2022-08-01 00:14:28,-30.1811,-50.2056,58.93,88,88,9.89
11,Punta Arenas,CL,2022-08-01 00:14:28,-53.15,-70.9167,42.91,75,75,8.05
12,Qaanaaq,GL,2022-08-01 00:14:28,77.484,-69.3632,45.63,62,58,1.66
13,Filadelfia,US,2022-08-01 00:11:51,39.9523,-75.1638,84.45,63,100,10.36
14,Sitka,US,2022-08-01 00:14:03,57.0531,-135.33,58.89,88,100,5.75
15,Kulhudhuffushi,MV,2022-08-01 00:13:56,6.6221,73.07,77.04,85,100,36.93
16,Paso De Carrasco,UY,2022-08-01 00:14:29,-34.8603,-56.0522,53.94,81,71,5.68
17,Arraial Do Cabo,BR,2022-08-01 00:14:30,-22.9661,-42.0278,68.47,68,0,10.16
18,Barrow,US,2022-08-01 00:14:30,71.2906,-156.7887,35.62,87,75,9.22
19,Yulara,AU,2022-08-01 00:14:30,-25.2406,130.9889,55.11,35,49,13.11
20,Lata,PT,2022-08-01 00:14:31,40.1629,-8.3327,70.11,58,0,2.8
21,Korla,CN,2022-08-01 00:14:31,41.7597,86.1469,75.81,46,52,12.91
22,Hobyo,SO,2022-08-01 00:14:31,5.3505,48.5268,75.13,85,0,23.35
23,Cape Town,ZA,2022-08-01 00:14:22,-33.9258,18.4232,56.37,76,0,8.99
24,Chipinge,ZW,2022-08-01 00:14:32,-20.1883,32.6236,52.5,47,7,4.05
25,Chokurdakh,RU,2022-08-01 00:14:32,70.6333,147.9167,70.83,50,100,13.69
26,Pevek,RU,2022-08-01 00:14:33,69.7008,170.3133,49.41,62,1,12.19
27,Miramar,US,2022-08-01 00:14:33,25.9873,-80.2323,86.02,76,20,12.66
28,Shubarshi,KZ,2022-08-01 00:14:33,48.5872,57.1869,71.78,48,84,3.94
29,Katsuura,JP,2022-08-01 00:14:34,35.1333,140.3,85.86,73,79,6.35
30,Ilhabela,BR,2022-08-01 00:14:34,-23.7781,-45.3581,63.61,80,3,7.14
31,Bethel,US,2022-08-01 00:14:35,41.3712,-73.414,79.65,64,88,6.15
32,Honolulu,US,2022-08-01 00:14:02,21.3069,-157.8583,85.82,58,20,19.57
33,Ribeira Grande,PT,2022-08-01 00:14:35,38.5167,-28.7,73.94,74,17,3.87
34,Barbuletu,RO,2022-08-01 00:14:36,45.1333,25.3,60.82,88,36,5.68
35,Carnarvon,AU,2022-08-01 00:14:36,-24.8667,113.6333,69.76,65,100,11.54
36,Namibe,AO,2022-08-01 00:14:36,-15.1961,12.1522,57.11,81,11,10.78
37,Souillac,MU,2022-08-01 00:14:37,-20.5167,57.5167,68.38,83,40,9.22
38,Itoman,JP,2022-08-01 00:14:37,26.1247,127.6694,80.4,94,75,20.71
39,Grand Gaube,MU,2022-08-01 00:14:38,-20.0064,57.6608,69.39,75,6,5.01
40,Nuevitas,CU,2022-08-01 00:14:38,21.5453,-77.2644,80.96,84,49,15.97
41,Nikolskoye,RU,2022-08-01 00:14:38,59.7035,30.7861,58.8,85,100,3.85
42,Bambous Virieux,MU,2022-08-01 00:14:39,-20.3428,57.7575,69.22,83,40,9.22
43,Tiksi,RU,2022-08-01 00:13:14,71.6872,128.8694,41.13,94,100,16.55
44,Mataura,NZ,2022-08-01 00:14:39,-46.1927,168.8643,49.48,78,37,7.47
45,Poopo,BO,2022-08-01 00:14:40,-18.3667,-66.9667,41.77,15,0,5.28
46,Kaitangata,NZ,2022-08-01 00:13:57,-46.2817,169.8464,45.37,70,15,7.54
47,Bengkulu,ID,2022-08-01 00:14:40,-3.8004,102.2655,75.56,86,79,4.09
48,Rikitea,PF,2022-08-01 00:14:05,-23.1203,-134.9692,72.36,74,100,23.15
49,Lubango,AO,2022-08-01 00:15:41,-14.9172,13.4925,49.89,69,11,4.34
50,Tiarei,PF,2022-08-01 00:15:41,-17.5333,-149.3333,84.22,72,46,25.21
51,Coihaique,CL,2022-08-01 00:15:42,-45.5752,-72.0662,37.35,70,100,5.75
52,Adrar,MR,2022-08-01 00:15:42,20.5022,-10.0711,93.9,32,5,11.92
53,Broome,US,2022-08-01 00:15:43,42.2506,-75.833,74.55,70,0,3.44
54,New Norfolk,AU,2022-08-01 00:14:13,-42.7826,147.0587,50.92,83,99,4.0
55,Abbeville,FR,2022-08-01 00:15:43,50.1,1.8333,66.16,96,14,6.6
56,Iralaya,HN,2022-08-01 00:15:44,15.0,-83.2333,80.15,86,85,14.67
57,Codrington,AU,2022-08-01 00:15:44,-38.2667,141.9667,49.84,89,31,17.74
58,Solnechnyy,RU,2022-08-01 00:15:45,50.7214,136.6319,76.89,68,40,7.14
59,Barao De Melgaco,BR,2022-08-01 00:15:45,-16.1944,-55.9675,76.73,27,0,2.39
60,San Luis,AR,2022-08-01 00:15:46,-33.295,-66.3356,54.93,39,17,9.13
61,Hithadhoo,MV,2022-08-01 00:13:55,-0.6,73.0833,80.78,74,100,16.67
62,Kapaa,US,2022-08-01 00:14:01,22.0752,-159.319,87.78,65,40,17.27
63,Provideniya,RU,2022-08-01 00:15:46,64.3833,-173.3,50.36,66,0,7.0
64,Yellowknife,CA,2022-08-01 00:14:17,62.456,-114.3525,64.56,45,12,5.99
65,Lasa,IT,2022-08-01 00:15:47,46.6166,10.7002,65.28,88,3,4.47
66,Riyadh,SA,2022-08-01 00:15:11,24.6877,46.7219,87.94,69,100,17.05
67,Camacha,PT,2022-08-01 00:15:47,33.0833,-16.3333,67.42,83,20,10.36
68,Uddevalla,SE,2022-08-01 00:15:48,58.3478,11.9424,63.07,94,100,4.85
69,Pangnirtung,CA,2022-08-01 00:15:48,66.1451,-65.7125,48.88,80,99,2.04
70,Ajdabiya,LY,2022-08-01 00:15:48,30.7554,20.2263,76.64,88,0,8.72
71,Nanortalik,GL,2022-08-01 00:15:49,60.1432,-45.2371,46.72,92,73,6.49
72,Lokosovo,RU,2022-08-01 00:15:49,61.1333,74.8167,50.13,79,52,9.15
73,Tuktoyaktuk,CA,2022-08-01 00:14:28,69.4541,-133.0374,50.61,74,72,11.54
74,Nicoya,CR,2022-08-01 00:15:50,10.1483,-85.452,78.82,81,63,5.37
75,East London,ZA,2022-08-01 00:14:40,-33.0153,27.9116,54.25,63,4,7.96
76,Palu,ID,2022-08-01 00:15:50,-0.8917,119.8707,78.19,94,100,0.34
77,Sechura,PE,2022-08-01 00:12:57,-5.5569,-80.8222,65.35,73,8,15.79
78,Leh,IN,2022-08-01 00:15:51,34.1667,77.5833,59.05,58,45,5.44
79,Bredasdorp,ZA,2022-08-01 00:14:05,-34.5322,20.0403,42.17,83,2,3.58
80,Busselton,AU,2022-08-01 00:14:13,-33.65,115.3333,56.91,94,90,28.39
81,Hermanus,ZA,2022-08-01 00:15:51,-34.4187,19.2345,48.51,73,2,6.38
82,Voyinka,UA,2022-08-01 00:15:52,45.8699,33.9914,75.33,64,20,2.3
83,College,US,2022-08-01 00:13:29,64.8569,-147.8028,67.21,73,75,4.61
84,Husavik,IS,2022-08-01 00:14:07,66.0449,-17.3389,42.06,92,99,10.92
85,Vaini,TO,2022-08-01 00:13:54,-21.2,-175.2,76.23,86,95,11.83
86,Mar Del Plata,AR,2022-08-01 00:11:12,-38.0023,-57.5575,52.95,85,87,11.01
87,Matara,LK,2022-08-01 00:15:53,5.9485,80.5353,76.59,92,99,10.47
88,Linqiong,CN,2022-08-01 00:15:53,30.4159,103.4609,82.22,89,99,0.58
89,Gobabis,NA,2022-08-01 00:14:33,-22.45,18.9667,52.07,27,93,3.36
90,Puerto Ayora,EC,2022-08-01 00:15:54,-0.7393,-90.3518,71.55,91,83,4.0
91,Salalah,OM,2022-08-01 00:12:46,17.0151,54.0924,77.09,88,75,8.05
92,Svetlogorsk,BY,2022-08-01 00:15:40,52.6333,29.7333,59.76,80,96,7.76
93,Carballo,ES,2022-08-01 00:16:55,43.213,-8.691,70.02,95,6,6.31
94,Chara,RU,2022-08-01 00:12:55,56.9064,118.2631,66.72,63,56,1.9
95,Atar,MR,2022-08-01 00:16:55,20.5169,-13.0499,91.45,42,2,10.33
96,Naze,JP,2022-08-01 00:13:11,28.3667,129.4833,80.44,84,100,21.25
97,Beira,MZ,2022-08-01 00:16:17,-19.8436,34.8389,66.29,94,0,3.44
98,Tagusao,PH,2022-08-01 00:16:56,9.1924,117.8141,81.1,79,100,5.03
99,Severo-Kurilsk,RU,2022-08-01 00:16:20,50.6789,156.125,54.21,84,96,10.65
100,Waingapu,ID,2022-08-01 00:16:57,-9.6567,120.2641,77.94,77,29,7.85
101,Fortuna,US,2022-08-01 00:16:57,40.5982,-124.1573,73.92,73,0,11.5
102,Viedma,AR,2022-08-01 00:16:57,-40.8135,-62.9967,45.14,69,82,7.05
103,Longyearbyen,SJ,2022-08-01 00:16:58,78.2186,15.6401,49.84,76,40,12.66
104,Tshikapa,CD,2022-08-01 00:16:58,-6.4167,20.8,74.95,34,1,0.67
105,Upernavik,GL,2022-08-01 00:16:58,72.7868,-56.1549,49.55,67,97,0.87
106,Coquimbo,CL,2022-08-01 00:16:59,-29.9533,-71.3436,55.13,94,40,6.91
107,Matadi,CD,2022-08-01 00:16:59,-5.8167,13.45,70.48,82,2,5.12
108,Burnie,AU,2022-08-01 00:16:59,-41.0667,145.9167,52.95,70,73,14.14
109,Berlevag,NO,2022-08-01 00:17:00,70.8578,29.0864,57.2,94,71,2.01
110,Talnakh,RU,2022-08-01 00:17:00,69.4865,88.3972,47.21,64,16,16.8
111,Atuona,PF,2022-08-01 00:17:00,-9.8,-139.0333,76.89,74,12,13.69
112,Iqaluit,CA,2022-08-01 00:17:01,63.7506,-68.5145,47.93,78,75,10.36
113,Albany,US,2022-08-01 00:16:50,42.6001,-73.9662,77.45,65,99,3.6
114,Pacific Grove,US,2022-08-01 00:17:01,36.6177,-121.9166,77.02,79,0,11.5
115,Ushuaia,AR,2022-08-01 00:17:02,-54.8,-68.3,35.26,93,40,3.44
116,Port Hedland,AU,2022-08-01 00:17:02,-20.3167,118.5667,68.05,56,25,6.91
117,Saldanha,ZA,2022-08-01 00:17:03,-33.0117,17.9442,41.05,79,0,13.15
118,Myitkyina,MM,2022-08-01 00:17:03,25.3833,97.4,75.87,99,99,0.69
119,Weihai,CN,2022-08-01 00:17:03,37.5017,122.1136,76.82,96,93,11.95
120,Mocorito,MX,2022-08-01 00:17:04,25.4833,-107.9167,91.26,48,84,9.89
121,Tasiilaq,GL,2022-08-01 00:17:04,65.6145,-37.6368,42.96,51,45,5.21
122,Port Alfred,ZA,2022-08-01 00:17:05,-33.5906,26.891,52.57,73,15,10.71
123,San Carlos De Bariloche,AR,2022-08-01 00:17:05,-41.1456,-71.3082,36.25,75,75,5.75
124,Marco,US,2022-08-01 00:17:05,25.9726,-81.729,90.05,45,0,3.44
125,Kodiak,US,2022-08-01 00:17:06,57.79,-152.4072,63.91,68,100,4.61
126,Badnawar,IN,2022-08-01 00:17:06,23.0167,75.2167,73.67,91,87,9.6
127,Avarua,CK,2022-08-01 00:15:09,-21.2078,-159.775,78.85,65,20,16.11
128,Shebunino,RU,2022-08-01 00:17:07,46.4339,141.8603,65.79,71,80,11.81
129,Tanda,IN,2022-08-01 00:17:07,26.55,82.65,83.14,78,98,3.87
130,Esperance,AU,2022-08-01 00:17:07,-33.8667,121.9,49.64,57,5,17.18
131,Torbay,CA,2022-08-01 00:14:15,47.6666,-52.7314,68.88,77,25,16.37
132,Leningradskiy,RU,2022-08-01 00:16:07,69.3833,178.4167,51.35,63,50,7.11
133,Turukhansk,RU,2022-08-01 00:17:08,65.8167,87.9833,47.14,74,99,13.73
134,Tver,RU,2022-08-01 00:17:08,56.8619,35.8931,53.55,73,98,3.44
135,Alice Springs,AU,2022-08-01 00:17:09,-23.7,133.8833,56.75,44,2,14.97
136,Ko Samui,TH,2022-08-01 00:17:09,9.5357,99.9357,82.31,78,20,0.0
137,San Isidro,PE,2022-08-01 00:18:10,-12.1167,-77.05,61.02,84,100,11.5
138,Chuy,UY,2022-08-01 00:14:00,-33.6971,-53.4616,48.15,81,95,5.35
139,Mpanda,TZ,2022-08-01 00:18:10,-6.3655,31.0409,70.9,54,88,2.21
140,Georgetown,MY,2022-08-01 00:18:11,5.4112,100.3354,80.89,87,40,4.61
141,Novomikhaylovskiy,RU,2022-08-01 00:18:11,44.2581,38.8578,75.27,91,47,8.39
142,Boende,CD,2022-08-01 00:18:11,-0.2167,20.8667,72.97,78,93,1.83
143,Kavieng,PG,2022-08-01 00:14:54,-2.5744,150.7967,84.6,70,93,14.43
144,Fairbanks,US,2022-08-01 00:18:12,64.8378,-147.7164,67.23,71,75,4.61
145,Sao Felix Do Xingu,BR,2022-08-01 00:18:12,-6.6447,-51.995,76.15,67,41,1.3
146,Khatanga,RU,2022-08-01 00:14:10,71.9667,102.5,46.18,68,97,10.63
147,Port Lincoln,AU,2022-08-01 00:18:13,-34.7333,135.8667,56.89,71,3,14.03
148,Pisco,PE,2022-08-01 00:18:13,-13.7,-76.2167,60.85,82,100,9.22
149,Naryan-Mar,RU,2022-08-01 00:18:14,67.6713,53.087,60.93,80,84,9.66
150,Diego De Almagro,CL,2022-08-01 00:18:14,-26.3667,-70.05,58.3,50,1,0.74
151,Thompson,CA,2022-08-01 00:18:14,55.7435,-97.8558,55.56,100,75,2.3
152,La Romana,DO,2022-08-01 00:18:15,18.4273,-68.9728,82.76,83,20,13.8
153,Fort Nelson,CA,2022-08-01 00:13:22,58.8053,-122.7002,68.9,72,99,0.65
154,Nizhnevartovsk,RU,2022-08-01 00:18:16,60.9344,76.5531,51.82,93,0,4.47
155,Nouadhibou,MR,2022-08-01 00:18:16,20.931,-17.0347,75.18,78,13,9.22
156,Sokolo,ML,2022-08-01 00:18:17,14.7328,-6.1219,87.66,46,57,8.93
157,Laguna,US,2022-08-01 00:14:30,38.421,-121.4238,91.47,47,0,11.5
158,Tainan,TW,2022-08-01 00:15:57,22.9908,120.2133,82.87,78,75,3.44
159,Abu Dhabi,AE,2022-08-01 00:14:52,24.4667,54.3667,98.71,45,0,8.05
160,Nanchang,CN,2022-08-01 00:18:18,28.6833,115.8833,86.94,58,0,3.74
161,Ballina,AU,2022-08-01 00:18:18,-28.8667,153.5667,61.79,93,100,8.72
162,Lagoa,PT,2022-08-01 00:18:18,39.05,-27.9833,72.46,74,0,6.8
163,Cabo San Lucas,MX,2022-08-01 00:16:13,22.8909,-109.9124,86.31,75,75,6.91
164,Isangel,VU,2022-08-01 00:18:19,-19.55,169.2667,75.07,83,97,14.83
165,Panguna,PG,2022-08-01 00:18:19,-6.3164,155.4848,81.64,59,27,3.56
166,Kruisfontein,ZA,2022-08-01 00:18:20,-34.0033,24.7314,45.09,79,1,6.76
167,Margate,GB,2022-08-01 00:18:20,51.3813,1.3862,65.3,92,98,3.0
168,Ponta Do Sol,PT,2022-08-01 00:13:59,32.6667,-17.1,72.01,79,2,2.44
169,Belaya Gora,RU,2022-08-01 00:14:37,68.5333,146.4167,77.92,35,88,12.17
170,La Paz,BO,2022-08-01 00:18:21,-16.5,-68.15,51.78,15,3,9.22
171,Lebu,CL,2022-08-01 00:18:21,-37.6167,-73.65,46.83,83,95,4.79
172,Dikson,RU,2022-08-01 00:14:34,73.5069,80.5464,41.07,94,100,12.35
173,Phangnga,TH,2022-08-01 00:18:22,8.4509,98.5298,78.84,92,99,1.97
174,Umba,RU,2022-08-01 00:18:22,66.6871,34.3429,49.41,98,77,4.99
175,Calama,CL,2022-08-01 00:18:22,-22.4667,-68.9333,57.69,14,0,8.05
176,La Ronge,CA,2022-08-01 00:18:23,55.1001,-105.2842,71.82,49,40,9.22
177,Pitimbu,BR,2022-08-01 00:18:23,-7.4706,-34.8086,75.79,82,99,12.41
178,Mizdah,LY,2022-08-01 00:18:24,31.4451,12.9801,74.75,54,3,0.63
179,Meulaboh,ID,2022-08-01 00:14:39,4.1363,96.1285,76.69,87,97,4.27
180,Filingue,NE,2022-08-01 00:18:24,14.3521,3.3168,81.99,54,100,11.83
181,Gambo,CF,2022-08-01 00:18:25,4.6482,22.2633,68.92,92,100,0.74
182,Bitung,ID,2022-08-01 00:18:25,1.4451,125.1824,83.25,76,96,4.92
183,Houma,US,2022-08-01 00:15:20,29.5958,-90.7195,86.0,79,40,4.61
184,Alofi,NU,2022-08-01 00:16:41,-19.0595,-169.9187,80.49,69,2,14.97
185,Soyo,AO,2022-08-01 00:19:26,-6.1349,12.3689,69.08,93,1,9.26
186,Vagur,FO,2022-08-01 00:19:26,61.4732,-6.8119,50.67,87,42,18.81
187,Pitmoaga,BF,2022-08-01 00:19:27,12.2397,-1.8767,73.02,87,97,14.56
188,Muros,ES,2022-08-01 00:14:52,42.7762,-9.0603,71.1,68,1,10.92
189,Kilindoni,TZ,2022-08-01 00:19:27,-7.9139,39.6668,74.41,81,7,10.69
190,Santa Maria,BR,2022-08-01 00:19:28,-29.6842,-53.8069,52.84,90,1,3.98
191,Port-Cartier,CA,2022-08-01 00:19:28,50.0334,-66.8654,76.68,84,72,3.62
192,Khandyga,RU,2022-08-01 00:19:28,62.6667,135.6,78.94,51,55,3.58
193,Irasan,PH,2022-08-01 00:19:29,8.526,123.206,81.86,77,100,1.25
194,Hilo,US,2022-08-01 00:19:29,19.7297,-155.09,85.28,66,0,13.8
195,Izhma,RU,2022-08-01 00:19:29,65.0083,53.9113,62.96,53,100,7.94
196,Chapais,CA,2022-08-01 00:19:30,49.7834,-74.8492,65.98,68,98,4.09
197,Kuruman,ZA,2022-08-01 00:19:30,-27.4524,23.4325,46.99,33,11,16.13
198,Srednekolymsk,RU,2022-08-01 00:19:30,67.45,153.6833,74.32,35,86,14.12
199,Aklavik,CA,2022-08-01 00:17:16,68.2191,-135.0107,66.63,44,86,2.68
200,Butaritari,KI,2022-08-01 00:19:31,3.0707,172.7902,81.41,78,62,13.53
201,Port-Gentil,GA,2022-08-01 00:19:31,-0.7193,8.7815,74.8,85,9,13.89
202,Norman Wells,CA,2022-08-01 00:19:32,65.282,-126.8329,73.44,46,20,10.36
203,Kyren,RU,2022-08-01 00:19:32,51.6828,102.1408,65.17,72,54,0.89
204,Vila,PT,2022-08-01 00:19:33,42.0304,-8.1588,68.88,65,0,3.71
205,Pilas,ES,2022-08-01 00:19:33,37.3034,-6.301,81.88,79,0,7.52
206,Doka,SD,2022-08-01 00:19:34,13.5167,35.7667,68.74,96,100,13.8
207,Paamiut,GL,2022-08-01 00:19:34,61.994,-49.6678,46.0,88,82,6.58
208,Merauke,ID,2022-08-01 00:19:35,-8.4667,140.3333,80.01,79,90,10.96
209,Abu Kamal,SY,2022-08-01 00:19:35,34.4506,40.9171,90.84,20,0,7.78
210,Castro,BR,2022-08-01 00:15:32,-24.7911,-50.0119,53.06,77,0,1.9
211,Chumikan,RU,2022-08-01 00:19:35,54.7183,135.315,53.69,98,100,6.98
212,Sao Gabriel Da Cachoeira,BR,2022-08-01 00:19:36,-0.1303,-67.0892,76.73,85,78,0.85
213,Balestrand,NO,2022-08-01 00:19:36,61.2076,6.5334,54.99,81,93,4.97
214,Doha,QA,2022-08-01 00:19:37,25.2867,51.5333,93.18,70,0,6.91
215,Ginda,IN,2022-08-01 00:19:37,30.6945,78.4932,62.91,88,58,2.64
216,Havelock,US,2022-08-01 00:18:05,34.8791,-76.9013,78.75,94,75,3.44
217,Coahuayana,MX,2022-08-01 00:17:58,18.7333,-103.6833,86.67,65,67,5.21
218,Galesong,ID,2022-08-01 00:19:38,-5.3166,119.3661,75.22,81,95,3.06
219,Buraydah,SA,2022-08-01 00:15:19,26.326,43.975,88.25,50,100,13.67
220,Vostok,RU,2022-08-01 00:19:38,46.4856,135.8833,75.74,69,100,3.2
221,Saint George,US,2022-08-01 00:18:10,37.1041,-113.5841,87.64,49,0,13.8
222,Avera,US,2022-08-01 00:19:39,33.194,-82.5271,89.11,34,6,6.2
223,Reconquista,AR,2022-08-01 00:19:39,-29.15,-59.65,58.21,59,0,6.73
224,Constanta,RO,2022-08-01 00:18:26,44.1833,28.65,66.88,68,25,7.09
225,Soroti,UG,2022-08-01 00:19:40,1.7146,33.6111,63.19,94,71,2.42
226,Sonoita,MX,2022-08-01 00:19:40,31.85,-112.8333,94.21,37,7,9.53
227,Concordia,AR,2022-08-01 00:19:06,-31.393,-58.0209,57.78,78,0,3.0
228,Vila Franca Do Campo,PT,2022-08-01 00:19:41,37.7167,-25.4333,70.21,83,65,4.29
229,Ketchikan,US,2022-08-01 00:20:41,55.3422,-131.6461,64.87,94,100,8.05
230,Sterling,US,2022-08-01 00:20:34,39.0062,-77.4286,72.39,95,100,3.0
231,Wladyslawowo,PL,2022-08-01 00:20:41,54.7909,18.4009,55.0,78,6,2.93
232,Taksimo,RU,2022-08-01 00:20:42,56.3444,114.8794,64.42,80,99,1.68
233,Bilibino,RU,2022-08-01 00:20:42,68.0546,166.4372,63.88,42,67,5.53
234,Vila Velha,BR,2022-08-01 00:15:43,-20.3297,-40.2925,71.55,84,75,3.44
235,Ucluelet,CA,2022-08-01 00:20:43,48.9329,-125.5528,68.31,85,14,1.99
236,Mitsamiouli,KM,2022-08-01 00:20:43,-11.3847,43.2844,75.18,72,3,4.68
237,Kibre Mengist,ET,2022-08-01 00:20:43,5.8833,38.9833,58.86,92,100,2.17
238,Rio Gallegos,AR,2022-08-01 00:20:44,-51.6226,-69.2181,39.25,70,0,13.8
239,Bafoulabe,ML,2022-08-01 00:20:44,13.8065,-10.8321,79.84,75,96,1.86
240,Chernyshevskiy,RU,2022-08-01 00:20:45,63.0128,112.4714,69.69,68,22,4.72
241,Springbok,ZA,2022-08-01 00:20:45,-29.6643,17.8865,43.18,34,0,12.57
242,Karratha,AU,2022-08-01 00:20:45,-20.7377,116.8463,72.5,66,31,2.28
243,Falmouth,GB,2022-08-01 00:20:46,50.1544,-5.0711,63.5,88,100,3.44
244,Kangalassy,RU,2022-08-01 00:20:46,62.3464,129.9628,75.13,57,100,8.3
245,Mackay,AU,2022-08-01 00:20:46,-21.15,149.2,73.69,74,60,8.52
246,Wadsworth,US,2022-08-01 00:20:47,41.0256,-81.7299,78.62,69,17,7.9
247,Novoseleznevo,RU,2022-08-01 00:20:47,55.6821,69.2056,57.97,98,64,7.9
248,Havoysund,NO,2022-08-01 00:20:48,70.9963,24.6622,57.43,86,22,6.87
249,Xining,CN,2022-08-01 00:20:48,36.6167,101.7667,61.7,75,53,2.42
250,Airai,TL,2022-08-01 00:20:48,-8.9266,125.4092,64.78,76,61,2.93
251,Calatayud,ES,2022-08-01 00:20:49,41.3535,-1.6432,72.43,56,4,3.47
252,Port Blair,IN,2022-08-01 00:20:49,11.6667,92.75,78.84,94,40,2.3
253,Beringovskiy,RU,2022-08-01 00:20:49,63.05,179.3167,50.4,62,94,4.97
254,Puerto Cabello,VE,2022-08-01 00:20:50,10.4731,-68.0125,79.61,86,52,13.47
255,Constitucion,CL,2022-08-01 00:15:57,-35.3333,-72.4167,49.12,90,66,4.81
256,Praya,CV,2022-08-01 00:20:50,14.9215,-23.5087,77.54,73,75,11.5
257,Toribio,CO,2022-08-01 00:20:51,2.9548,-76.2684,62.4,95,84,3.6
258,Ahipara,NZ,2022-08-01 00:20:51,-35.1667,173.1667,58.19,57,12,7.76
259,Clyde River,CA,2022-08-01 00:20:51,70.4692,-68.5914,35.83,100,100,4.61
260,Singaparna,ID,2022-08-01 00:20:52,-7.3515,108.111,70.93,82,65,2.13
261,Swadlincote,GB,2022-08-01 00:20:52,52.774,-1.5574,60.33,72,75,6.91
262,Tuatapere,NZ,2022-08-01 00:20:53,-46.1333,167.6833,46.89,84,86,8.77
263,Te Anau,NZ,2022-08-01 00:20:53,-45.4167,167.7167,43.48,95,86,6.98
264,Hambantota,LK,2022-08-01 00:20:53,6.1241,81.1185,78.35,86,100,16.58
265,La Oroya,PE,2022-08-01 00:20:54,-11.5189,-75.8994,47.44,75,12,3.78
266,Omboue,GA,2022-08-01 00:16:07,-1.5746,9.2618,72.05,92,24,8.9
267,Guayaramerin,BO,2022-08-01 00:20:54,-10.8368,-65.3614,78.82,48,20,2.73
268,Richards Bay,ZA,2022-08-01 00:16:51,-28.783,32.0377,61.66,73,100,9.42
269,Aasiaat,GL,2022-08-01 00:20:55,68.7098,-52.8699,40.37,93,56,8.12
270,Severiano Melo,BR,2022-08-01 00:20:55,-5.7772,-37.9578,75.56,80,88,6.85
271,Saskylakh,RU,2022-08-01 00:20:56,71.9167,114.0833,45.12,80,99,10.69
272,Ilulissat,GL,2022-08-01 00:20:56,69.2167,-51.1,59.02,38,38,16.11
273,Teahupoo,PF,2022-08-01 00:20:56,-17.8333,-149.2667,78.76,68,66,23.2
274,Katobu,ID,2022-08-01 00:20:57,-4.9408,122.5276,77.68,89,81,7.07
275,Jawhar,SO,2022-08-01 00:20:57,2.7809,45.5005,72.86,87,17,9.51
276,Narsaq,GL,2022-08-01 00:20:57,60.9167,-46.05,50.22,84,83,2.98
277,Bushehr,IR,2022-08-01 00:20:58,28.9684,50.8385,89.69,58,0,0.0
278,Laurel,US,2022-08-01 00:20:27,39.0993,-76.8483,73.72,94,100,5.75
279,Sao Joao Da Barra,BR,2022-08-01 00:18:14,-21.6403,-41.0511,67.42,72,2,6.13
280,Mandalgovi,MN,2022-08-01 00:21:59,45.7625,106.2708,70.57,44,99,12.55
281,Cayenne,GF,2022-08-01 00:21:59,4.9333,-52.3333,82.09,1,64,0.0
282,Sur,OM,2022-08-01 00:21:27,22.5667,59.5289,85.66,67,36,7.94
283,Geraldton,AU,2022-08-01 00:22:00,-28.7667,114.6,66.61,55,100,26.46
284,Apiai,BR,2022-08-01 00:22:00,-24.5094,-48.8425,49.35,82,0,1.83
285,Stromness,GB,2022-08-01 00:18:08,58.965,-3.296,51.87,86,75,8.99
286,Lamu,KE,2022-08-01 00:22:00,-2.2717,40.902,75.42,71,73,18.66
287,Banjar,ID,2022-08-01 00:22:01,-8.19,114.9675,78.06,68,61,1.74
288,Slochteren,NL,2022-08-01 00:22:01,53.2208,6.8055,64.44,94,100,4.61
289,Rasht,IR,2022-08-01 00:22:01,37.2808,49.5832,73.22,94,0,0.0
290,Mutis,CO,2022-08-01 00:22:02,6.2262,-77.4044,78.13,90,99,5.1
291,Garowe,SO,2022-08-01 00:22:02,8.4054,48.4845,74.53,63,49,25.39
292,Biak,ID,2022-08-01 00:22:03,-0.9131,122.8766,77.58,83,100,3.94
293,Tuban,ID,2022-08-01 00:22:03,-6.8976,112.0649,76.1,82,95,4.88
294,Mount Isa,AU,2022-08-01 00:22:04,-20.7333,139.5,74.97,27,0,4.61
295,Mareeba,AU,2022-08-01 00:22:04,-17.0,145.4333,72.45,80,100,3.98
296,Sulphur,US,2022-08-01 00:22:04,30.2366,-93.3774,88.0,70,0,10.36
297,Pingliang,CN,2022-08-01 00:22:05,35.5392,106.6861,70.56,85,100,7.83
298,Arlit,NE,2022-08-01 00:22:05,18.7369,7.3853,95.22,26,25,16.08
299,Dali,CN,2022-08-01 00:22:06,25.7,100.1833,62.2,96,100,1.61
300,Oktyabrskoye,RU,2022-08-01 00:22:06,43.0645,44.7417,62.35,88,6,4.47
301,Carutapera,BR,2022-08-01 00:22:06,-1.195,-46.02,75.72,94,77,5.91
302,Yarmouth,US,2022-08-01 00:22:07,41.7057,-70.2286,75.97,79,0,9.22
303,Trinidad,BO,2022-08-01 00:20:47,-14.8333,-64.9,77.16,49,2,2.15
304,Sibolga,ID,2022-08-01 00:22:07,1.7427,98.7792,76.39,86,100,2.89
305,Mecca,SA,2022-08-01 00:20:15,21.4267,39.8261,90.1,23,100,3.98
306,Grevena,GR,2022-08-01 00:22:08,40.0845,21.4274,74.41,55,84,3.11
307,Lavrentiya,RU,2022-08-01 00:22:08,65.5833,-171.0,48.81,68,55,4.32
308,San Miguel,SV,2022-08-01 00:22:09,13.4833,-88.1833,83.62,70,55,2.71
309,Abdulino,RU,2022-08-01 00:22:09,53.7,53.6667,60.78,75,78,3.58
310,Hays,US,2022-08-01 00:22:09,30.0502,-98.0336,98.1,33,100,5.01
311,Maceio,BR,2022-08-01 00:22:10,-9.6658,-35.7353,74.64,88,0,5.75
312,Buin,CL,2022-08-01 00:22:10,-33.7333,-70.75,55.74,80,95,2.21
313,Gamboula,CF,2022-08-01 00:22:11,4.1178,15.1393,67.23,97,100,3.47
314,Port Macquarie,AU,2022-08-01 00:18:15,-31.4333,152.9167,58.89,65,100,9.75
315,San Matias,BO,2022-08-01 00:22:11,-16.3667,-58.4,77.65,30,0,1.54
316,Deputatskiy,RU,2022-08-01 00:22:11,69.3,139.9,69.3,64,79,3.56
317,Qiryat Gat,IL,2022-08-01 00:22:12,31.61,34.7642,75.88,74,2,1.41
318,Sioux Lookout,CA,2022-08-01 00:22:12,50.1001,-91.917,64.47,94,100,10.36
319,Tura,IN,2022-08-01 00:22:13,25.5198,90.2201,73.62,99,100,5.86
320,High Level,CA,2022-08-01 00:22:13,58.5169,-117.136,71.71,46,75,3.44
321,Mount Gambier,AU,2022-08-01 00:19:30,-37.8333,140.7667,51.33,87,50,13.2
322,Ulladulla,AU,2022-08-01 00:22:13,-35.35,150.4667,61.7,59,60,12.55
323,Caravelas,BR,2022-08-01 00:19:26,-17.7125,-39.2481,70.14,90,82,7.67
324,Henties Bay,NA,2022-08-01 00:22:14,-22.116,14.2845,53.65,75,73,4.88
325,Netrakona,BD,2022-08-01 00:22:14,24.8833,90.7167,76.87,96,100,9.44
326,Stendal,DE,2022-08-01 00:23:15,52.6,11.85,65.07,90,100,1.01
327,Vardo,NO,2022-08-01 00:23:15,70.3705,31.1107,49.98,100,100,3.44
328,Sao Francisco,BR,2022-08-01 00:23:01,-15.9486,-44.8644,74.07,31,1,4.16
329,Evensk,RU,2022-08-01 00:23:16,61.95,159.2333,55.85,76,99,7.81
330,Nouakchott,MR,2022-08-01 00:23:16,18.0858,-15.9785,82.33,82,31,12.12
331,Flores,GT,2022-08-01 00:23:17,16.9226,-89.8994,79.27,79,99,1.63
332,Tonantins,BR,2022-08-01 00:23:17,-2.8731,-67.8022,79.43,75,96,1.5
333,Hastings,GB,2022-08-01 00:23:17,50.8552,0.5729,66.18,98,39,8.79
334,San Cristobal,VE,2022-08-01 00:23:18,7.7669,-72.225,69.98,99,67,1.52
335,Eirunepe,BR,2022-08-01 00:23:18,-6.6603,-69.8736,78.78,70,96,1.28
336,Maur,IN,2022-08-01 00:23:18,30.0833,75.25,77.16,95,100,5.73
337,Alta Floresta,BR,2022-08-01 00:23:19,-9.8756,-56.0861,78.08,36,1,2.84
338,Itapirapua,BR,2022-08-01 00:23:19,-15.8233,-50.6133,75.65,26,0,3.02
339,Hofn,IS,2022-08-01 00:23:20,64.2539,-15.2082,51.57,61,74,12.8
340,Torres Novas,PT,2022-08-01 00:23:20,39.4811,-8.5395,76.15,73,0,4.23
341,Danielskuil,ZA,2022-08-01 00:23:20,-28.1887,23.5395,41.72,40,5,10.49
342,Dzhalka,RU,2022-08-01 00:23:21,43.3186,45.9879,68.88,72,14,2.53
343,Hellvik,NO,2022-08-01 00:23:21,59.9156,5.781,54.77,82,13,1.99
344,Pryazha,RU,2022-08-01 00:23:21,61.6926,33.6216,49.24,83,72,4.09
345,Vao,NC,2022-08-01 00:23:22,-22.6667,167.4833,69.53,77,100,26.31
346,Bubaque,GW,2022-08-01 00:23:22,11.2833,-15.8333,79.39,77,98,15.3
347,Porto Novo,BJ,2022-08-01 00:23:23,6.4965,2.6036,75.02,80,100,12.03
348,Altay,CN,2022-08-01 00:23:23,47.8667,88.1167,66.94,46,71,4.68
349,Ichinoseki,JP,2022-08-01 00:23:23,38.9167,141.1333,84.11,72,89,1.41
350,Kalmunai,LK,2022-08-01 00:23:24,7.4167,81.8167,78.44,85,100,5.3
351,Praia Da Vitoria,PT,2022-08-01 00:23:24,38.7333,-27.0667,71.85,88,20,6.71
352,Blythe,US,2022-08-01 00:20:04,33.6103,-114.5964,106.25,24,0,17.27
353,Vestmannaeyjar,IS,2022-08-01 00:23:25,63.4427,-20.2734,49.46,75,76,18.14
354,Encantado,BR,2022-08-01 00:23:25,-29.2361,-51.8697,58.05,93,59,0.54
355,Baykit,RU,2022-08-01 00:18:38,61.67,96.37,61.48,88,89,3.38
356,Kichera,RU,2022-08-01 00:23:25,55.9375,110.0997,56.62,99,100,1.79
357,Sangar,RU,2022-08-01 00:23:26,63.9242,127.4739,65.75,86,99,12.28
358,Allanridge,ZA,2022-08-01 00:23:26,-27.7543,26.6438,46.31,33,25,6.44
359,Sao Jose Da Coroa Grande,BR,2022-08-01 00:23:27,-8.8978,-35.1478,75.07,84,30,9.53
360,Dondo,MZ,2022-08-01 00:23:27,-19.6094,34.7431,65.71,93,5,2.21
361,Mombasa,KE,2022-08-01 00:23:27,-4.0547,39.6636,72.66,86,10,10.04
362,Maumere,ID,2022-08-01 00:23:28,-8.6199,122.2111,79.14,71,59,2.73
363,Nantucket,US,2022-08-01 00:23:28,41.2835,-70.0995,75.31,88,0,9.22
364,Luderitz,NA,2022-08-01 00:23:28,-26.6481,15.1594,58.23,51,0,7.99
365,Krasnouralsk,RU,2022-08-01 00:23:29,58.3638,60.0407,56.46,99,87,4.99
366,Jieshou,CN,2022-08-01 00:23:29,33.2634,115.3611,82.62,77,0,2.95
367,Tubuala,PA,2022-08-01 00:23:30,9.5167,-79.0333,80.67,85,100,5.77
368,Beloha,MG,2022-08-01 00:23:30,-25.1667,45.05,64.0,93,5,3.22
369,Killybegs,IE,2022-08-01 00:23:31,54.6333,-8.45,52.77,76,100,2.3
370,Atambua,ID,2022-08-01 00:23:31,-9.1061,124.8925,76.08,74,51,2.93
371,Yei,SS,2022-08-01 00:23:31,4.095,30.6779,64.06,98,53,3.83
372,Aksarka,RU,2022-08-01 00:23:32,66.5606,67.7975,49.82,82,35,4.83
373,Kimbe,PG,2022-08-01 00:23:32,-5.5502,150.1429,88.18,57,73,3.91
374,Aksu,CN,2022-08-01 00:24:32,41.1231,80.2644,71.28,54,62,6.96
375,Iwaki,JP,2022-08-01 00:24:33,37.05,140.8833,91.76,67,93,3.78
376,Jiamusi,CN,2022-08-01 00:21:49,46.8333,130.35,79.7,77,18,1.03
377,Asau,RO,2022-08-01 00:24:33,46.4333,26.4,61.72,94,81,5.95
378,Juneau,US,2022-08-01 00:20:43,58.3019,-134.4197,60.8,99,100,5.75
379,Valera,VE,2022-08-01 00:24:34,9.3178,-70.6036,72.63,89,94,4.81
380,Makakilo City,US,2022-08-01 00:24:34,21.3469,-158.0858,84.56,49,40,19.57
381,Bolu,TR,2022-08-01 00:24:35,40.6667,31.5833,63.59,93,63,3.98
382,Palmerston,AU,2022-08-01 00:24:35,-12.486,130.9833,80.04,78,20,6.91
383,Acapulco,MX,2022-08-01 00:22:33,16.8634,-99.8901,85.82,70,75,14.97
384,Parasia,IN,2022-08-01 00:24:36,22.2,78.7667,71.96,91,97,5.46
385,Safford,US,2022-08-01 00:19:39,32.834,-109.7076,94.12,31,0,0.0
386,Qaqortoq,GL,2022-08-01 00:24:36,60.7167,-46.0333,46.74,91,78,3.06
387,Camiri,BO,2022-08-01 00:24:37,-20.05,-63.5167,64.36,64,0,4.74
388,Najran,SA,2022-08-01 00:21:26,17.4924,44.1277,84.85,64,53,18.92
389,Los Llanos De Aridane,ES,2022-08-01 00:24:37,28.6585,-17.9182,69.55,94,75,18.41
390,Letychiv,UA,2022-08-01 00:24:37,49.3826,27.6305,63.21,75,100,4.56
391,Nurota,UZ,2022-08-01 00:24:38,40.5614,65.6886,72.99,39,37,4.83
392,Sambava,MG,2022-08-01 00:24:38,-14.2667,50.1667,66.25,91,27,9.95
393,Romitan,UZ,2022-08-01 00:24:39,39.9343,64.3814,71.55,46,0,6.91
394,Lethem,GY,2022-08-01 00:24:39,3.3803,-59.7968,76.05,89,62,5.28
395,Montrose,US,2022-08-01 00:24:39,38.4166,-108.2673,80.01,39,59,9.33
396,Esso,RU,2022-08-01 00:24:40,55.9333,158.7,53.83,80,100,2.53
397,Kavaratti,IN,2022-08-01 00:24:40,10.5669,72.642,80.01,81,100,23.69
398,Cherskiy,RU,2022-08-01 00:24:40,68.75,161.3,69.75,38,26,19.33
399,Mwandiga,TZ,2022-08-01 00:24:41,-4.83,29.6581,73.44,68,35,2.51
400,Tarauaca,BR,2022-08-01 00:24:41,-8.1614,-70.7656,80.85,62,98,2.77
401,Komsomolskiy,UZ,2022-08-01 00:24:42,40.4272,71.7189,77.72,36,99,2.3
402,Touros,BR,2022-08-01 00:20:56,-5.1989,-35.4608,76.41,84,45,12.64
403,Baruun-Urt,MN,2022-08-01 00:24:42,46.6806,113.2792,72.59,43,41,4.36
404,Aban,RU,2022-08-01 00:24:42,56.67,96.06,65.19,90,37,5.35
405,Nebolchi,RU,2022-08-01 00:24:43,59.1239,33.3454,53.15,82,100,3.29
406,Beaverlodge,CA,2022-08-01 00:24:43,55.2166,-119.4361,70.95,84,97,5.23
407,Obo,CF,2022-08-01 00:24:44,5.3998,26.4869,66.31,95,97,3.69
408,Yerbogachen,RU,2022-08-01 00:24:44,61.2767,108.0108,69.76,73,18,1.57
409,Velizh,RU,2022-08-01 00:24:44,55.6056,31.1967,60.22,67,100,4.0
410,Astoria,US,2022-08-01 00:24:45,46.1879,-123.8313,70.56,82,0,8.05
411,Sao Sebastiao,BR,2022-08-01 00:24:45,-23.76,-45.4097,62.29,84,3,6.38
412,Slave Lake,CA,2022-08-01 00:24:46,55.2834,-114.769,73.38,60,75,8.05
413,Akhtanizovskaya,RU,2022-08-01 00:24:46,45.32,37.1,77.49,59,47,10.04
414,Kahului,US,2022-08-01 00:23:47,20.8947,-156.47,87.82,54,20,19.57
415,Villa Rica,US,2022-08-01 00:21:34,33.7321,-84.9191,85.78,83,34,4.0
416,Chegdomyn,RU,2022-08-01 00:24:47,51.1167,133.0167,72.12,92,99,3.6
417,Hanmer Springs,NZ,2022-08-01 00:24:47,-42.5167,172.8167,42.13,92,5,6.24
418,Oranjemund,NA,2022-08-01 00:24:47,-28.55,16.4333,54.05,50,0,9.62
419,Nemuro,JP,2022-08-01 00:24:48,43.3236,145.575,59.41,88,99,8.81
420,Lorengau,PG,2022-08-01 00:24:48,-2.0226,147.2712,85.12,69,100,12.48
421,Freeport,US,2022-08-01 00:22:26,40.6576,-73.5832,79.5,74,0,6.91
422,Sola,VU,2022-08-01 00:25:49,-13.8833,167.55,86.67,79,75,3.44
423,Katima Mulilo,NA,2022-08-01 00:25:49,-17.5,24.2667,54.97,32,4,5.35
424,Rincon,US,2022-08-01 00:25:50,32.296,-81.2354,87.76,48,40,9.22
425,Yeniseysk,RU,2022-08-01 00:25:50,58.4497,92.1703,60.76,99,100,7.65
426,Tazovskiy,RU,2022-08-01 00:25:50,67.4667,78.7,44.65,77,6,12.12
427,Lerwick,GB,2022-08-01 00:25:51,60.1545,-1.1494,53.6,83,49,9.82
428,Terrace,CA,2022-08-01 00:22:32,54.5163,-128.6035,78.71,53,75,5.75
429,Lincoln,US,2022-08-01 00:25:51,40.8,-96.667,91.31,52,0,13.8
430,Dong Hoi,VN,2022-08-01 00:25:52,17.4833,106.6,83.28,73,8,3.18
431,Vredendal,ZA,2022-08-01 00:25:52,-31.6683,18.5012,48.47,51,0,6.04
432,Vorozhba,UA,2022-08-01 00:25:53,51.1733,34.2192,60.82,69,67,8.52
433,Makarska,HR,2022-08-01 00:25:53,43.2969,17.0178,73.85,53,0,9.91
434,Surt,LY,2022-08-01 00:25:53,31.2089,16.5887,80.89,81,0,6.91
435,General Roca,AR,2022-08-01 00:25:54,-39.0333,-67.5833,50.63,49,97,3.87
436,Turayf,SA,2022-08-01 00:25:54,31.6725,38.6637,79.05,57,0,13.8
437,Lamar,US,2022-08-01 00:25:55,33.6668,-95.5836,97.99,38,0,13.8
438,Mao,ES,2022-08-01 00:25:55,39.8885,4.2658,75.76,53,0,6.91
439,Ogbomosho,NG,2022-08-01 00:25:55,8.133,4.25,69.91,96,100,8.16
440,Labuhan,ID,2022-08-01 00:25:56,-6.8844,112.2051,76.28,82,94,5.39
441,Saint-Francois,FR,2022-08-01 00:25:56,46.4154,3.9054,61.68,82,0,3.44
442,Canton,CN,2022-08-01 00:23:23,23.1167,113.25,87.75,58,0,6.51
443,Duku,NG,2022-08-01 00:25:57,11.2361,4.9073,72.63,92,57,4.74
444,Tromso,NO,2022-08-01 00:25:57,69.6496,18.957,57.22,77,40,1.99
445,Aulnoye-Aymeries,FR,2022-08-01 00:25:58,50.2014,3.8384,65.55,95,35,6.15
446,Bathsheba,BB,2022-08-01 00:25:58,13.2167,-59.5167,83.01,90,40,19.57
447,Bilma,NE,2022-08-01 00:25:58,18.6853,12.9164,88.63,41,80,5.53
448,Maniitsoq,GL,2022-08-01 00:25:59,65.4167,-52.9,42.24,90,64,6.96
449,Kailua,US,2022-08-01 00:24:37,21.4022,-157.7394,86.02,61,0,14.97
450,Paita,PE,2022-08-01 00:25:59,-5.0892,-81.1144,62.83,85,5,15.19
451,Shingu,JP,2022-08-01 00:26:00,33.7333,135.9833,87.3,66,72,5.79
452,Rancho Palos Verdes,US,2022-08-01 00:26:00,33.7445,-118.387,88.41,78,40,13.8
453,Imbituba,BR,2022-08-01 00:21:41,-28.24,-48.6703,59.09,93,29,10.13
454,Issoire,FR,2022-08-01 00:26:01,45.55,3.25,65.46,61,0,2.3
455,Angoche,MZ,2022-08-01 00:26:01,-16.2325,39.9086,70.65,82,5,4.18
456,Harper,LR,2022-08-01 00:26:01,4.375,-7.7169,75.09,80,100,12.82
457,Martapura,ID,2022-08-01 00:26:02,-3.4167,114.85,73.54,97,100,0.89
458,Guerrero Negro,MX,2022-08-01 00:26:02,27.9769,-114.0611,81.93,49,26,13.18
459,Sao Filipe,CV,2022-08-01 00:26:03,14.8961,-24.4956,75.87,75,38,6.08
460,Raahe,FI,2022-08-01 00:26:03,64.6833,24.4833,51.89,83,72,8.05
461,Necochea,AR,2022-08-01 00:24:56,-38.5473,-58.7368,50.99,79,70,7.29
462,Muravlenko,RU,2022-08-01 00:26:04,63.7898,74.523,49.77,71,33,9.95
463,Weligama,LK,2022-08-01 00:26:04,5.9667,80.4167,76.96,90,99,10.78
464,Egvekinot,RU,2022-08-01 00:26:04,66.3167,-179.1667,54.27,49,37,4.9
465,Mezen,RU,2022-08-01 00:27:05,65.8522,44.24,57.76,99,100,4.03
466,Charagua,BO,2022-08-01 00:27:05,-19.8,-63.2167,69.01,59,17,2.95
467,Krasnoselkup,RU,2022-08-01 00:26:55,65.7,82.4667,46.38,71,5,21.81
468,Rozhyshche,UA,2022-08-01 00:27:06,50.9154,25.2691,62.13,98,100,4.41
469,Puerto Quijarro,BO,2022-08-01 00:27:06,-17.7833,-57.7667,75.87,34,0,2.55
470,Guaruja,BR,2022-08-01 00:27:07,-23.9931,-46.2564,64.18,76,1,3.24
471,Fort Abbas,PK,2022-08-01 00:27:07,29.1925,72.8536,86.18,71,93,12.59
472,Nakamura,JP,2022-08-01 00:27:07,32.9833,132.9333,82.26,89,75,5.26
473,Alvor,PT,2022-08-01 00:27:08,37.1299,-8.5917,78.06,68,0,8.77
474,Nanyamba,TZ,2022-08-01 00:27:08,-10.6833,39.8333,62.42,97,37,2.71
475,Rock Sound,BS,2022-08-01 00:27:09,24.9,-76.2,83.03,79,48,18.1
476,Malinovoye Ozero,RU,2022-08-01 00:27:09,51.6753,79.7825,63.81,89,87,4.27
477,Mbanza-Ngungu,CD,2022-08-01 00:27:09,-5.25,14.8667,68.88,65,27,6.42
478,Walvis Bay,NA,2022-08-01 00:27:10,-22.9575,14.5053,55.09,76,1,6.91
479,Jackson,US,2022-08-01 00:22:32,42.4165,-122.8345,94.87,38,0,11.5
480,Xam Nua,LA,2022-08-01 00:27:10,20.4197,104.0439,68.59,98,95,0.98
481,Gorontalo,ID,2022-08-01 00:27:11,0.5412,123.0595,78.91,89,99,1.5
482,Flic En Flac,MU,2022-08-01 00:27:11,-20.2742,57.3631,70.52,74,5,11.52
483,Tondano,ID,2022-08-01 00:27:11,1.3038,124.9112,75.29,75,97,2.77
484,Glazov,RU,2022-08-01 00:27:12,58.1394,52.6584,57.69,87,14,2.24
485,Verkh-Usugli,RU,2022-08-01 00:27:12,52.7,115.1667,64.09,77,80,4.27
486,Brae,GB,2022-08-01 00:27:13,60.3964,-1.353,51.1,84,41,9.73
487,Vryburg,ZA,2022-08-01 00:23:54,-26.9566,24.7284,47.17,38,47,8.23
488,Christchurch,NZ,2022-08-01 00:27:13,-43.5333,172.6333,53.33,59,0,8.05
489,Ewo,CG,2022-08-01 00:27:14,-0.8725,14.8206,76.21,58,25,3.69
490,Elmira,US,2022-08-01 00:27:14,42.0898,-76.8077,75.22,72,100,4.29
491,Wahiawa,US,2022-08-01 00:27:14,21.5028,-158.0236,82.76,54,40,12.66
492,Tautira,PF,2022-08-01 00:27:15,-17.7333,-149.15,76.93,69,67,23.33
493,Santa Maria Da Vitoria,BR,2022-08-01 00:27:15,-13.3947,-44.1886,76.08,28,11,2.21
494,Ostrovnoy,RU,2022-08-01 00:27:16,68.0531,39.5131,54.43,83,89,5.53
495,Lixourion,GR,2022-08-01 00:27:16,38.2019,20.4314,77.07,81,0,12.66
496,Ancud,CL,2022-08-01 00:27:17,-41.8697,-73.8203,42.22,83,100,1.3
497,Sumenep,ID,2022-08-01 00:27:17,-7.0167,113.8667,79.25,77,75,5.03
498,Lapi,PH,2022-08-01 00:27:17,17.716,121.8978,80.31,87,100,2.46
499,Omsukchan,RU,2022-08-01 00:27:18,62.5333,155.8,59.04,53,6,10.76
500,Pailon,BO,2022-08-01 00:27:18,-17.65,-62.75,74.3,54,5,3.76
501,Pula,HR,2022-08-01 00:27:19,44.8683,13.8481,73.58,68,0,4.61
502,Dingle,PH,2022-08-01 00:27:19,10.9995,122.6711,80.37,79,100,0.51
503,Lubumbashi,CD,2022-08-01 00:25:13,-11.6609,27.4794,59.83,46,0,3.69
504,Chiredzi,ZW,2022-08-01 00:27:20,-21.05,31.6667,60.21,51,5,6.2
505,Tual,ID,2022-08-01 00:27:20,-5.6667,132.75,79.32,85,54,18.45
506,Bonavista,CA,2022-08-01 00:27:20,48.6499,-53.1147,63.09,81,71,3.02
507,Jaguaruna,BR,2022-08-01 00:27:21,-28.615,-49.0256,56.8,83,69,4.9
508,Piet Retief,ZA,2022-08-01 00:27:21,-27.0071,30.8132,47.55,93,100,3.6
509,Broken Hill,AU,2022-08-01 00:28:22,-31.95,141.4333,50.99,57,0,7.25
510,Russell,US,2022-08-01 00:28:22,32.3502,-85.1999,92.48,70,0,0.0
511,Nishihara,JP,2022-08-01 00:28:22,26.1842,127.7558,79.68,94,75,17.27
512,Misratah,LY,2022-08-01 00:28:23,32.3754,15.0925,81.91,74,0,11.01
513,Poum,NC,2022-08-01 00:28:23,-20.2333,164.0167,73.08,71,65,11.7
514,Westport,US,2022-08-01 00:28:23,41.1415,-73.3579,79.63,64,0,11.5
515,Itarema,BR,2022-08-01 00:28:13,-2.9248,-39.9167,78.71,82,5,14.12
516,Salta,AR,2022-08-01 00:26:44,-24.7859,-65.4117,59.59,51,0,8.05
517,Kargasok,RU,2022-08-01 00:28:24,59.0556,80.8572,51.21,78,100,11.9
518,Koumac,NC,2022-08-01 00:28:24,-20.5667,164.2833,74.16,65,21,5.57
519,Rawson,AR,2022-08-01 00:28:25,-43.3002,-65.1023,47.34,75,98,8.63
520,Tambun,ID,2022-08-01 00:28:25,-6.2641,107.0712,78.69,79,47,4.65
521,San Quintin,MX,2022-08-01 00:28:26,30.4833,-115.95,75.36,62,23,10.83
522,Phan Thiet,VN,2022-08-01 00:27:31,10.9333,108.1,79.18,88,100,6.69
523,Chitungwiza,ZW,2022-08-01 00:28:26,-18.0127,31.0756,51.46,44,5,6.91
524,Half Moon Bay,US,2022-08-01 00:28:27,37.4636,-122.4286,81.54,76,75,18.41
525,Meckenbeuren,DE,2022-08-01 00:28:27,47.7,9.5667,73.18,73,20,0.0
526,Jiaocheng,CN,2022-08-01 00:28:27,24.6774,116.1389,82.63,75,30,0.76
527,Iracoubo,GF,2022-08-01 00:28:28,5.4802,-53.2011,78.62,84,40,6.15
528,Orebro,SE,2022-08-01 00:28:28,59.2741,15.2066,61.93,65,91,2.3
529,Hasaki,JP,2022-08-01 00:25:12,35.7333,140.8333,91.29,72,98,2.73
530,Ambilobe,MG,2022-08-01 00:28:29,-13.2,49.05,62.98,84,2,3.69
531,Macia,MZ,2022-08-01 00:28:29,-25.0269,33.0989,66.87,79,61,13.65
532,Zhangjiakou,CN,2022-08-01 00:28:29,40.81,114.8794,76.51,71,2,2.28
533,Mattru,SL,2022-08-01 00:28:30,7.6244,-11.8332,73.74,89,98,3.11
534,Andenes,NO,2022-08-01 00:28:30,69.3143,16.1194,57.18,77,75,17.27
535,Mirnyy,RU,2022-08-01 00:25:23,62.5353,113.9611,71.24,64,51,7.0
536,Loandjili,CG,2022-08-01 00:28:31,-4.7561,11.8578,71.71,88,20,8.05
537,Rakiv Lis,UA,2022-08-01 00:28:31,51.6217,24.9243,62.04,97,100,3.98
538,Xai-Xai,MZ,2022-08-01 00:26:35,-25.0519,33.6442,68.92,80,45,17.92
539,Hamilton,US,2022-08-01 00:24:41,39.1834,-84.5333,76.77,79,0,6.91
540,Terebesti,RO,2022-08-01 00:28:32,47.6833,22.7167,63.03,100,75,0.0
541,Qax,AZ,2022-08-01 00:28:32,41.4225,46.9242,72.59,64,71,4.0
542,Lahan,NP,2022-08-01 00:28:33,26.7296,86.4951,78.28,94,100,4.81
543,Amudat,UG,2022-08-01 00:28:33,1.95,34.95,65.14,87,47,1.23
544,Kirakira,SB,2022-08-01 00:28:33,-10.4544,161.9205,83.95,73,25,12.19
545,Saint-Louis,SN,2022-08-01 00:28:34,16.3333,-15.0,78.62,80,100,13.51
546,Hami,CN,2022-08-01 00:28:34,42.8,93.45,83.77,27,56,5.64
547,Tvoroyri,FO,2022-08-01 00:28:35,61.5556,-6.8111,51.37,87,41,19.04
548,Launceston,AU,2022-08-01 00:28:35,-41.45,147.1667,52.61,80,75,16.11
549,Alyangula,AU,2022-08-01 00:28:04,-13.8483,136.4192,75.92,70,89,7.56
550,Lakes Entrance,AU,2022-08-01 00:26:56,-37.8811,147.981,57.16,56,60,12.39
551,Whitehorse,CA,2022-08-01 00:28:36,60.7161,-135.0538,69.03,49,75,6.91
552,Shimoda,JP,2022-08-01 00:28:36,34.6667,138.95,90.1,74,81,10.67
553,Bozhou,CN,2022-08-01 00:28:36,33.8772,115.7703,82.6,78,0,2.55
554,Buenaventura,CO,2022-08-01 00:28:37,3.8801,-77.0312,75.27,95,90,2.37
555,Kondinskoye,RU,2022-08-01 00:28:37,59.6481,67.41,53.92,72,100,9.95
556,Kothi,IN,2022-08-01 00:28:37,24.75,80.7833,80.78,75,79,9.44
557,Mehendiganj,BD,2022-08-01 00:29:38,22.8167,90.5333,81.14,87,100,7.54
558,Roma,US,2022-08-01 00:27:10,43.2128,-75.4557,75.34,74,0,3.44
559,Ornskoldsvik,SE,2022-08-01 00:29:39,63.2909,18.7153,56.35,100,100,4.61
560,Susuman,RU,2022-08-01 00:29:39,62.7833,148.1667,57.04,77,99,6.6
561,Kumluca,TR,2022-08-01 00:29:39,36.3703,30.2869,83.89,49,0,3.51
562,Kaniama,CD,2022-08-01 00:29:40,-7.5667,24.1833,71.91,53,13,0.49
563,Arsikere,IN,2022-08-01 00:29:40,13.3139,76.2561,72.34,84,97,2.44
564,Ukiah,US,2022-08-01 00:29:41,39.1502,-123.2078,94.44,46,0,10.36
565,Usvyaty,RU,2022-08-01 00:29:41,55.7456,30.7533,58.55,82,100,4.72
566,Formosa,AR,2022-08-01 00:29:41,-26.1775,-58.1781,60.78,77,0,3.44
567,Leirvik,NO,2022-08-01 00:29:42,59.7798,5.5005,54.63,77,1,14.99
568,Ambunti,PG,2022-08-01 00:29:42,-4.2365,142.8448,82.56,77,100,1.19
569,Tra Vinh,VN,2022-08-01 00:29:42,9.9347,106.3453,78.85,92,100,4.52
570,Vilyuysk,RU,2022-08-01 00:29:43,63.7553,121.6247,67.55,86,100,0.96
571,Upata,VE,2022-08-01 00:29:43,8.0086,-62.3989,76.19,96,86,4.56
572,Progreso,MX,2022-08-01 00:29:44,21.2833,-89.6667,82.11,80,87,16.13
573,Bialystok,PL,2022-08-01 00:28:35,53.1333,23.15,58.98,92,100,7.0
574,Schoningen,DE,2022-08-01 00:29:44,52.138,10.9675,68.56,94,97,12.19
575,Quatre Cocos,MU,2022-08-01 00:29:44,-20.2078,57.7625,69.1,70,14,13.82
576,Moberly,US,2022-08-01 00:29:45,39.4184,-92.4382,85.42,69,0,5.75
577,Klaksvik,FO,2022-08-01 00:29:45,62.2266,-6.589,50.4,84,32,13.62
578,Pishin,PK,2022-08-01 00:29:46,30.5803,66.9961,75.87,32,1,7.61
579,Primo Tapia,MX,2022-08-01 00:29:46,32.22,-116.9172,77.95,59,15,8.01
