City_ID,City,Country,Date,Lat,Lng,Max Temp,Humidity,Cloudiness,Wind Speed,Current Description
0,Cherskiy,RU,2022-08-01 07:20:14,68.75,161.3,72.75,31,21,14.5,few clouds
1,Port Alfred,ZA,2022-08-01 07:20:15,-33.5906,26.891,53.19,79,0,1.99,clear sky
2,Mayumba,GA,2022-08-01 07:20:15,-3.432,10.6554,71.94,86,57,5.73,broken clouds
3,New Norfolk,AU,2022-08-01 07:20:15,-42.7826,147.0587,47.7,86,96,3.0,moderate rain
4,Kapaa,US,2022-08-01 07:20:16,22.0752,-159.319,80.58,75,40,20.71,scattered clouds
5,Victoria,HK,2022-08-01 07:20:16,22.2855,114.1577,93.38,64,10,10.0,clear sky
6,Punta Arenas,CL,2022-08-01 07:20:17,-53.15,-70.9167,39.31,81,75,5.75,broken clouds
7,Aklavik,CA,2022-08-01 07:20:17,68.2191,-135.0107,49.75,72,100,12.12,overcast clouds
8,San Carlos Del Zulia,VE,2022-08-01 07:20:17,9.0,-71.9135,72.45,94,97,4.43,overcast clouds
9,Bowen,AU,2022-08-01 07:20:18,-20.0167,148.2333,70.34,78,100,13.22,overcast clouds
10,Hobart,AU,2022-08-01 07:15:32,-42.8794,147.3294,48.06,81,40,16.11,moderate rain
11,Ottawa,CA,2022-08-01 07:15:24,45.4112,-75.6981,66.76,86,75,4.61,broken clouds
12,Port Blair,IN,2022-08-01 07:20:19,11.6667,92.75,87.84,70,40,10.36,scattered clouds
13,Buluang,PH,2022-08-01 07:20:19,13.3068,123.3425,84.31,77,100,3.38,overcast clouds
14,Vaini,TO,2022-08-01 07:20:19,-21.2,-175.2,75.36,100,40,4.61,scattered clouds
15,Souillac,MU,2022-08-01 07:20:20,-20.5167,57.5167,75.58,69,75,16.11,light rain
16,La Rioja,ES,2022-08-01 07:20:20,42.25,-2.5,60.58,42,0,1.86,clear sky
17,Severo-Kurilsk,RU,2022-08-01 07:20:21,50.6789,156.125,55.78,76,20,5.68,few clouds
18,Caravelas,BR,2022-08-01 07:20:21,-17.7125,-39.2481,69.13,88,17,4.9,few clouds
19,Mahebourg,MU,2022-08-01 07:20:21,-20.4081,57.7,76.24,69,75,16.11,broken clouds
20,Saint-Prosper,CA,2022-08-01 07:20:22,46.2117,-70.4811,61.09,94,100,3.6,overcast clouds
21,Cape Town,ZA,2022-08-01 07:19:01,-33.9258,18.4232,55.38,70,0,6.91,clear sky
22,Coahuayana,MX,2022-08-01 07:20:22,18.7333,-103.6833,77.63,87,100,2.98,overcast clouds
23,Constitucion,CL,2022-08-01 07:16:58,-35.3333,-72.4167,48.16,91,100,8.19,overcast clouds
24,Codrington,AU,2022-08-01 07:20:23,-38.2667,141.9667,54.41,72,79,16.78,broken clouds
25,Carnarvon,AU,2022-08-01 07:20:23,-24.8667,113.6333,69.85,88,100,26.35,overcast clouds
26,San Cristobal,VE,2022-08-01 07:20:24,7.7669,-72.225,64.26,95,99,2.84,overcast clouds
27,Port Macquarie,AU,2022-08-01 07:20:24,-31.4333,152.9167,59.9,66,78,6.78,broken clouds
28,Yar-Sale,RU,2022-08-01 07:20:24,66.8333,70.8333,64.56,48,0,7.9,clear sky
29,Tuktoyaktuk,CA,2022-08-01 07:20:25,69.4541,-133.0374,47.64,82,100,6.87,overcast clouds
30,Pangnirtung,CA,2022-08-01 07:20:25,66.1451,-65.7125,46.85,89,100,2.82,overcast clouds
31,East London,ZA,2022-08-01 07:20:26,-33.0153,27.9116,54.54,62,0,5.75,clear sky
32,Brzeg Dolny,PL,2022-08-01 07:20:26,51.273,16.7082,72.07,68,100,9.17,overcast clouds
33,Rikitea,PF,2022-08-01 07:17:46,-23.1203,-134.9692,72.52,74,58,25.66,light rain
34,Ushuaia,AR,2022-08-01 07:20:26,-54.8,-68.3,38.86,93,20,2.3,few clouds
35,Castro,BR,2022-08-01 07:20:27,-24.7911,-50.0119,50.79,80,0,1.34,clear sky
36,Lethbridge,CA,2022-08-01 07:20:27,49.7,-112.8186,64.51,77,0,11.5,clear sky
37,Poum,NC,2022-08-01 07:20:28,-20.2333,164.0167,74.71,75,78,12.75,broken clouds
38,Kandrian,PG,2022-08-01 07:20:28,-6.2167,149.55,83.1,74,58,11.07,broken clouds
39,Atambua,ID,2022-08-01 07:20:28,-9.1061,124.8925,79.56,67,94,1.14,overcast clouds
40,Busselton,AU,2022-08-01 07:20:29,-33.65,115.3333,57.69,81,100,28.1,overcast clouds
41,Dingtao,CN,2022-08-01 07:20:29,35.0683,115.5625,91.53,58,58,3.18,broken clouds
42,Avarua,CK,2022-08-01 07:20:29,-21.2078,-159.775,73.45,88,20,9.22,few clouds
43,Qaanaaq,GL,2022-08-01 07:20:30,77.484,-69.3632,43.93,65,64,6.93,broken clouds
44,Bluff,NZ,2022-08-01 07:20:30,-46.6,168.3333,47.8,76,100,17.76,overcast clouds
45,Hengshui,CN,2022-08-01 07:20:31,37.7322,115.7011,93.43,49,46,6.38,scattered clouds
46,Nikolskoye,RU,2022-08-01 07:20:31,59.7035,30.7861,70.88,53,100,5.14,overcast clouds
47,Albany,US,2022-08-01 07:19:48,42.6001,-73.9662,70.23,78,93,1.57,overcast clouds
48,Tosham,IN,2022-08-01 07:22:57,28.8833,75.9167,91.67,56,32,5.73,scattered clouds
49,Ende,ID,2022-08-01 07:22:58,-8.8432,121.6623,83.62,65,77,2.66,broken clouds
50,Longyearbyen,SJ,2022-08-01 07:22:59,78.2186,15.6401,48.04,87,75,0.0,light intensity drizzle
51,Hithadhoo,MV,2022-08-01 07:22:59,-0.6,73.0833,81.25,71,100,17.74,overcast clouds
52,Broken Hill,AU,2022-08-01 07:19:45,-31.95,141.4333,58.84,32,0,7.7,clear sky
53,Hermanus,ZA,2022-08-01 07:22:59,-34.4187,19.2345,44.8,69,0,7.81,clear sky
54,Samarai,PG,2022-08-01 07:23:00,-10.6167,150.6667,81.01,81,15,14.99,few clouds
55,Khatanga,RU,2022-08-01 07:23:00,71.9667,102.5,48.9,63,100,11.86,overcast clouds
56,Upernavik,GL,2022-08-01 07:23:01,72.7868,-56.1549,46.33,60,95,5.86,overcast clouds
57,Bantry,IE,2022-08-01 07:23:01,51.6833,-9.45,58.78,98,100,4.72,overcast clouds
58,Namibe,AO,2022-08-01 07:23:01,-15.1961,12.1522,58.1,70,68,12.15,broken clouds
59,Liepaja,LV,2022-08-01 07:23:02,56.5419,21.0367,64.38,77,100,6.91,overcast clouds
60,Nuuk,GL,2022-08-01 07:23:02,64.1835,-51.7216,50.61,76,100,4.61,light intensity shower rain
61,Yellowknife,CA,2022-08-01 07:19:48,62.456,-114.3525,54.12,82,20,3.44,few clouds
62,Saint-Philippe,RE,2022-08-01 07:23:03,-21.3585,55.7679,75.22,67,2,6.73,clear sky
63,Vao,NC,2022-08-01 07:23:03,-22.6667,167.4833,70.97,76,93,25.19,overcast clouds
64,Beloha,MG,2022-08-01 07:23:04,-25.1667,45.05,75.38,58,97,11.61,overcast clouds
65,Kibakwe,TZ,2022-08-01 07:23:04,-6.7167,36.3667,72.63,55,36,3.85,scattered clouds
66,Wagar,SD,2022-08-01 07:23:04,16.1525,36.2032,83.21,57,40,20.69,scattered clouds
67,Itamaraca,BR,2022-08-01 07:23:05,-7.7478,-34.8256,77.05,85,18,10.54,few clouds
68,Bilma,NE,2022-08-01 07:23:05,18.6853,12.9164,89.51,40,9,5.1,clear sky
69,Mingshui,CN,2022-08-01 07:23:06,36.7167,117.5,91.38,54,0,5.86,clear sky
70,Hohhot,CN,2022-08-01 07:23:06,40.8106,111.6522,89.89,43,0,4.47,clear sky
71,Biskamzha,RU,2022-08-01 07:23:07,53.4497,89.5272,79.52,38,100,5.73,overcast clouds
72,The Valley,AI,2022-08-01 07:23:07,18.217,-63.0578,82.09,78,100,20.18,overcast clouds
73,Novopokrovka,UA,2022-08-01 07:23:08,49.8425,36.5477,78.28,45,85,13.2,overcast clouds
74,Hofn,IS,2022-08-01 07:23:08,64.2539,-15.2082,48.78,66,19,8.59,few clouds
75,Mareeba,AU,2022-08-01 07:23:08,-17.0,145.4333,70.45,86,90,4.27,overcast clouds
76,Mar Del Plata,AR,2022-08-01 07:23:09,-38.0023,-57.5575,48.87,92,97,3.44,fog
77,Bonfim,BR,2022-08-01 07:23:09,3.0833,-59.95,73.63,91,100,4.05,overcast clouds
78,Bredasdorp,ZA,2022-08-01 07:23:10,-34.5322,20.0403,46.72,66,0,3.18,clear sky
79,Puerto Ayora,EC,2022-08-01 07:23:10,-0.7393,-90.3518,69.55,97,100,5.99,overcast clouds
80,Bengkulu,ID,2022-08-01 07:23:11,-3.8004,102.2655,84.52,71,100,7.87,overcast clouds
81,Sehwan,PK,2022-08-01 07:23:12,26.4279,67.863,98.11,46,11,5.21,few clouds
82,Ilulissat,GL,2022-08-01 07:23:12,69.2167,-51.1,51.82,43,52,18.41,broken clouds
83,San Luis,AR,2022-08-01 07:21:28,-33.295,-66.3356,52.68,41,96,6.69,overcast clouds
84,Mataura,NZ,2022-08-01 07:23:13,-46.1927,168.8643,47.48,79,91,7.56,overcast clouds
85,Tura,IN,2022-08-01 07:23:13,25.5198,90.2201,75.4,97,100,3.31,overcast clouds
86,Ambulu,ID,2022-08-01 07:23:13,-8.345,113.6058,83.97,65,99,9.1,overcast clouds
87,Saint George,US,2022-08-01 07:19:51,37.1041,-113.5841,81.63,64,0,8.05,clear sky
88,Awbari,LY,2022-08-01 07:24:14,26.5921,12.7805,85.33,24,0,11.05,clear sky
89,Agnibilekrou,CI,2022-08-01 07:24:15,7.1344,-3.2047,69.04,95,100,4.21,overcast clouds
90,Torbay,CA,2022-08-01 07:19:53,47.6666,-52.7314,64.27,87,20,12.66,few clouds
91,Kodiak,US,2022-08-01 07:24:15,57.79,-152.4072,58.51,82,75,5.75,broken clouds
92,Catalina Foothills,US,2022-08-01 07:19:43,32.2979,-110.9187,79.41,71,0,6.91,clear sky
93,Tiksi,RU,2022-08-01 07:24:16,71.6872,128.8694,41.16,87,100,14.76,overcast clouds
94,Kurilsk,RU,2022-08-01 07:24:16,45.2333,147.8833,57.45,77,100,6.4,overcast clouds
95,Seredka,RU,2022-08-01 07:24:16,58.1584,28.1858,58.75,94,100,9.15,light rain
96,Santa Maria Del Oro,MX,2022-08-01 07:24:17,25.9333,-105.3667,73.04,45,95,1.95,overcast clouds
97,Vardo,NO,2022-08-01 07:24:18,70.3705,31.1107,51.78,100,100,3.44,fog
98,Jinchang,CN,2022-08-01 07:24:18,38.4953,102.1739,84.56,41,59,7.0,broken clouds
99,Provideniya,RU,2022-08-01 07:24:19,64.3833,-173.3,50.22,71,100,0.89,overcast clouds
100,Atuona,PF,2022-08-01 07:24:19,-9.8,-139.0333,77.23,75,9,13.29,clear sky
101,Tuatapere,NZ,2022-08-01 07:24:19,-46.1333,167.6833,46.24,87,100,9.8,overcast clouds
102,Voloshka,RU,2022-08-01 07:24:20,61.3314,40.0858,64.67,60,59,5.28,broken clouds
103,Norman Wells,CA,2022-08-01 07:24:20,65.282,-126.8329,60.84,67,75,3.44,broken clouds
104,Pidhorodna,UA,2022-08-01 07:24:21,48.107,30.8895,79.43,38,100,6.31,overcast clouds
105,Sept-Iles,CA,2022-08-01 07:21:03,50.2001,-66.3821,64.4,90,40,5.75,scattered clouds
106,Chokurdakh,RU,2022-08-01 07:24:21,70.6333,147.9167,80.76,43,100,8.75,overcast clouds
107,Berlevag,NO,2022-08-01 07:24:22,70.8578,29.0864,64.4,77,20,8.05,few clouds
108,Leningradskiy,RU,2022-08-01 07:24:22,69.3833,178.4167,48.6,69,47,8.88,scattered clouds
109,Cidreira,BR,2022-08-01 07:24:23,-30.1811,-50.2056,56.68,91,3,5.48,clear sky
110,Egvekinot,RU,2022-08-01 07:24:23,66.3167,-179.1667,55.02,46,46,2.39,scattered clouds
111,Fortuna,US,2022-08-01 07:24:24,40.5982,-124.1573,60.93,91,100,6.91,overcast clouds
112,Te Anau,NZ,2022-08-01 07:24:24,-45.4167,167.7167,44.8,93,100,7.23,overcast clouds
113,Salinopolis,BR,2022-08-01 07:24:25,-0.6136,-47.3561,77.85,86,93,8.1,overcast clouds
114,Bathsheba,BB,2022-08-01 07:24:25,13.2167,-59.5167,81.21,90,40,14.97,scattered clouds
115,Cayenne,GF,2022-08-01 07:24:25,4.9333,-52.3333,77.09,1,48,0.0,scattered clouds
116,Karratha,AU,2022-08-01 07:24:26,-20.7377,116.8463,77.63,62,16,16.26,few clouds
117,Sur,OM,2022-08-01 07:24:26,22.5667,59.5289,93.52,52,62,7.99,broken clouds
118,Waitara,NZ,2022-08-01 07:24:27,-38.925,174.25,51.49,69,2,11.63,clear sky
119,Kaitangata,NZ,2022-08-01 07:24:27,-46.2817,169.8464,43.12,78,100,5.39,overcast clouds
120,Yerbogachen,RU,2022-08-01 07:24:28,61.2767,108.0108,81.9,42,38,4.32,scattered clouds
121,Ahuimanu,US,2022-08-01 07:24:28,21.4447,-157.8378,78.51,72,20,16.11,few clouds
122,Rudnya,RU,2022-08-01 07:24:29,54.947,31.0934,64.22,80,100,8.3,overcast clouds
123,Tarsus,TR,2022-08-01 07:24:29,36.9188,34.8784,86.38,58,0,5.79,clear sky
124,Chik,RU,2022-08-01 07:24:29,54.9928,82.4311,69.55,78,100,8.95,light rain
125,Nyrob,RU,2022-08-01 07:24:30,60.733,56.7202,71.71,56,100,4.36,overcast clouds
126,Leh,IN,2022-08-01 07:22:50,34.1667,77.5833,66.0,39,92,7.78,overcast clouds
127,Tasiilaq,GL,2022-08-01 07:24:30,65.6145,-37.6368,41.16,63,0,5.21,clear sky
128,Bonthe,SL,2022-08-01 07:24:31,7.5264,-12.505,76.71,80,100,6.98,overcast clouds
129,Tahoua,NE,2022-08-01 07:24:31,14.8888,5.2692,75.18,88,20,9.22,few clouds
130,Thompson,CA,2022-08-01 07:24:32,55.7435,-97.8558,42.96,100,100,0.0,fog
131,Georgiyevka,KZ,2022-08-01 07:25:32,43.0369,74.7114,87.84,27,0,8.95,clear sky
132,Paramonga,PE,2022-08-01 07:25:33,-10.6667,-77.8333,61.0,87,89,7.92,overcast clouds
133,Butaritari,KI,2022-08-01 07:25:33,3.0707,172.7902,82.11,75,12,14.14,few clouds
134,Galle,LK,2022-08-01 07:25:13,6.0367,80.217,78.94,86,100,23.47,moderate rain
135,Pekalongan,ID,2022-08-01 07:25:34,-6.8886,109.6753,88.02,59,28,8.48,scattered clouds
136,Komsomolskiy,UZ,2022-08-01 07:25:34,40.4272,71.7189,90.32,20,18,6.91,few clouds
137,Samarkand,UZ,2022-08-01 07:25:35,39.6542,66.9597,87.22,30,67,6.91,broken clouds
138,Lar,IN,2022-08-01 07:25:35,26.2039,83.9717,96.96,44,100,7.52,overcast clouds
139,Juegang,CN,2022-08-01 07:25:36,32.3174,121.1855,87.58,70,52,4.05,broken clouds
140,Hokitika,NZ,2022-08-01 07:25:36,-42.7167,170.9667,46.49,80,92,4.94,overcast clouds
141,Lompoc,US,2022-08-01 07:25:36,34.6391,-120.4579,72.01,80,0,5.75,clear sky
142,Vicuna,CL,2022-08-01 07:25:37,-30.0319,-70.7081,42.53,54,63,1.05,broken clouds
143,Smithers,CA,2022-08-01 07:25:37,54.7804,-127.1743,68.32,60,100,8.05,overcast clouds
144,Kavieng,PG,2022-08-01 07:23:13,-2.5744,150.7967,84.18,74,100,17.05,overcast clouds
145,Fare,PF,2022-08-01 07:25:38,-16.7,-151.0167,78.44,69,63,27.13,broken clouds
146,Yarada,IN,2022-08-01 07:25:38,17.65,83.2667,93.52,59,40,9.22,scattered clouds
147,Dubbo,AU,2022-08-01 07:25:38,-32.25,148.6167,57.33,54,0,6.91,clear sky
148,Sri Aman,MY,2022-08-01 07:25:39,1.2376,111.4621,91.45,62,40,0.0,light rain
149,Gazli,UZ,2022-08-01 07:25:39,40.1333,63.45,93.16,20,85,11.81,overcast clouds
150,Port Lincoln,AU,2022-08-01 07:25:39,-34.7333,135.8667,57.45,71,29,16.93,scattered clouds
151,Ouesso,CG,2022-08-01 07:22:15,1.6136,16.0517,76.71,68,34,4.79,scattered clouds
152,Alim,PH,2022-08-01 07:25:40,9.5649,122.4876,83.32,75,100,6.13,heavy intensity rain
153,Fort Nelson,CA,2022-08-01 07:25:40,58.8053,-122.7002,60.39,88,75,3.44,light intensity shower rain
154,Husavik,IS,2022-08-01 07:25:41,66.0449,-17.3389,41.92,96,100,11.74,overcast clouds
155,Lagoa,PT,2022-08-01 07:25:41,39.05,-27.9833,72.28,74,0,7.72,clear sky
156,Luganville,VU,2022-08-01 07:25:42,-15.5333,167.1667,77.45,86,9,7.9,clear sky
157,Nalut,LY,2022-08-01 07:25:42,30.3333,10.85,84.13,34,2,8.37,clear sky
158,Lamont,US,2022-08-01 07:25:42,35.2597,-118.9143,89.08,34,62,1.5,broken clouds
159,Singaraja,ID,2022-08-01 07:25:43,-8.112,115.0882,82.94,72,99,5.39,overcast clouds
160,Ponta Do Sol,PT,2022-08-01 07:25:43,32.6667,-17.1,70.72,73,4,4.85,clear sky
161,Faya,SA,2022-08-01 07:25:44,18.3851,42.4509,78.91,58,37,7.31,scattered clouds
162,Pandan,PH,2022-08-01 07:25:44,14.0453,124.1694,83.43,79,100,5.5,overcast clouds
163,Sabya,SA,2022-08-01 07:25:45,17.1495,42.6254,96.42,50,59,5.68,broken clouds
164,Hilo,US,2022-08-01 07:25:05,19.7297,-155.09,74.93,83,20,8.05,few clouds
165,Barrow,US,2022-08-01 07:25:45,71.2906,-156.7887,38.59,83,6,10.4,clear sky
166,Devonport,AU,2022-08-01 07:25:46,-41.1667,146.35,52.09,79,53,19.93,broken clouds
167,Hasaki,JP,2022-08-01 07:25:46,35.7333,140.8333,102.29,76,100,11.61,overcast clouds
168,Bremerton,US,2022-08-01 07:23:30,47.5673,-122.6326,76.46,77,0,0.0,clear sky
169,Avera,US,2022-08-01 07:25:47,33.194,-82.5271,74.71,59,12,3.87,few clouds
170,Alice Springs,AU,2022-08-01 07:25:20,-23.7,133.8833,72.95,21,47,10.36,scattered clouds
171,Kruisfontein,ZA,2022-08-01 07:25:47,-34.0033,24.7314,51.39,63,0,3.15,clear sky
172,Moree,AU,2022-08-01 07:25:48,-29.4667,149.85,55.83,91,88,5.3,overcast clouds
173,Solnechnyy,RU,2022-08-01 07:25:48,50.7214,136.6319,79.72,68,94,8.25,light rain
174,Araouane,ML,2022-08-01 07:25:48,18.9048,-3.5265,89.85,39,83,10.51,broken clouds
175,Boden,SE,2022-08-01 07:25:49,65.8252,21.6886,59.0,74,96,5.21,overcast clouds
176,Utete,TZ,2022-08-01 07:25:49,-7.986,38.758,81.77,55,27,4.45,scattered clouds
177,Kuytun,RU,2022-08-01 07:25:50,54.3419,101.5036,79.65,49,31,1.16,scattered clouds
178,Praia Da Vitoria,PT,2022-08-01 07:25:50,38.7333,-27.0667,70.75,94,20,4.29,few clouds
179,Isangel,VU,2022-08-01 07:26:50,-19.55,169.2667,74.44,86,41,14.99,scattered clouds
180,Airai,TL,2022-08-01 07:26:51,-8.9266,125.4092,67.39,70,100,3.02,overcast clouds
181,Vila Velha,BR,2022-08-01 07:26:27,-20.3297,-40.2925,67.95,88,75,3.44,broken clouds
182,Twentynine Palms,US,2022-08-01 07:26:51,34.1356,-116.0542,85.05,65,14,3.33,few clouds
183,Iqaluit,CA,2022-08-01 07:26:52,63.7506,-68.5145,46.13,87,40,0.0,scattered clouds
184,Bambous Virieux,MU,2022-08-01 07:26:52,-20.3428,57.7575,75.45,69,75,16.11,light rain
185,San Joaquin,US,2022-08-01 07:26:52,37.9333,-121.3011,75.11,61,0,4.61,clear sky
186,Lima,PE,2022-08-01 07:25:06,-12.0432,-77.0282,57.9,88,100,2.3,overcast clouds
187,Quang Ngai,VN,2022-08-01 07:22:05,15.1167,108.8,92.32,52,100,10.89,overcast clouds
188,Havoysund,NO,2022-08-01 07:26:53,70.9963,24.6622,61.03,83,32,5.53,scattered clouds
189,Chuy,UY,2022-08-01 07:26:54,-33.6971,-53.4616,46.67,92,0,2.26,clear sky
190,Ust-Barguzin,RU,2022-08-01 07:26:54,53.45,108.9833,64.8,76,96,5.14,overcast clouds
191,Pauini,BR,2022-08-01 07:26:54,-7.7136,-66.9764,75.94,71,98,0.96,overcast clouds
192,Mersing,MY,2022-08-01 07:26:55,2.4312,103.8405,89.51,74,40,11.5,scattered clouds
193,Yenotayevka,RU,2022-08-01 07:26:55,47.2456,47.0281,87.26,35,0,3.51,clear sky
194,Loandjili,CG,2022-08-01 07:26:56,-4.7561,11.8578,71.71,88,75,8.05,broken clouds
195,Alyangula,AU,2022-08-01 07:26:56,-13.8483,136.4192,77.5,69,100,6.49,overcast clouds
196,Jamestown,US,2022-08-01 07:24:53,42.097,-79.2353,67.59,73,0,6.91,clear sky
197,Warwick,US,2022-08-01 07:26:57,41.7001,-71.4162,74.88,82,20,4.61,few clouds
198,Ruidoso,US,2022-08-01 07:26:57,33.3317,-105.673,74.26,59,94,3.44,overcast clouds
199,Salalah,OM,2022-08-01 07:26:57,17.0151,54.0924,78.89,83,75,11.5,broken clouds
200,Formosa,AR,2022-08-01 07:26:58,-26.1775,-58.1781,57.18,88,0,3.44,clear sky
201,Dzaoudzi,YT,2022-08-01 07:26:58,-12.7887,45.2699,80.49,69,40,9.22,scattered clouds
202,La Ronge,CA,2022-08-01 07:26:59,55.1001,-105.2842,50.22,87,0,2.3,clear sky
203,Qixingtai,CN,2022-08-01 07:26:59,30.4135,111.8874,93.81,55,7,7.4,clear sky
204,Puerto Escondido,MX,2022-08-01 07:27:00,15.85,-97.0667,78.35,88,100,5.21,overcast clouds
205,Tateyama,JP,2022-08-01 07:27:00,34.9833,139.8667,88.11,79,100,19.3,overcast clouds
206,Morgan City,US,2022-08-01 07:27:01,29.6994,-91.2068,78.03,90,24,4.99,few clouds
207,Sadasivpet,IN,2022-08-01 07:27:01,17.6212,77.9503,86.34,61,99,7.23,overcast clouds
208,Chicama,PE,2022-08-01 07:27:01,-7.8447,-79.1469,57.74,88,32,4.36,scattered clouds
209,Arraial Do Cabo,BR,2022-08-01 07:27:02,-22.9661,-42.0278,67.01,80,0,11.52,clear sky
210,Cabo San Lucas,MX,2022-08-01 07:27:02,22.8909,-109.9124,83.52,80,86,3.0,overcast clouds
211,Sinnamary,GF,2022-08-01 07:27:03,5.3833,-52.95,76.59,89,30,5.21,scattered clouds
212,Porto Novo,BJ,2022-08-01 07:27:03,6.4965,2.6036,75.02,86,100,11.27,light rain
213,Mackay,AU,2022-08-01 07:27:03,-21.15,149.2,70.68,82,5,9.15,clear sky
214,Viedma,AR,2022-08-01 07:27:04,-40.8135,-62.9967,43.52,74,100,5.32,overcast clouds
215,Woodward,US,2022-08-01 07:23:52,36.4337,-99.3904,79.72,68,0,10.36,clear sky
216,Candolim,IN,2022-08-01 07:27:04,15.5181,73.7626,83.07,75,98,17.85,overcast clouds
217,Bonavista,CA,2022-08-01 07:27:05,48.6499,-53.1147,60.96,83,7,10.36,clear sky
218,Poltavka,RU,2022-08-01 07:27:05,54.3663,71.7632,75.07,62,79,13.82,light rain
219,Fukue,JP,2022-08-01 07:27:06,32.6881,128.8419,82.76,89,40,16.11,scattered clouds
220,Kongolo,CD,2022-08-01 07:27:06,-5.3833,27.0,79.84,62,4,4.16,clear sky
221,Sao Filipe,CV,2022-08-01 07:27:07,14.8961,-24.4956,74.75,77,27,5.57,scattered clouds
222,Iralaya,HN,2022-08-01 07:27:07,15.0,-83.2333,80.17,86,11,12.59,few clouds
223,Paidha,UG,2022-08-01 07:27:07,2.4167,30.9855,62.58,90,100,4.16,light rain
224,Ribeira Grande,PT,2022-08-01 07:27:08,38.5167,-28.7,68.4,83,20,6.91,few clouds
225,Lavrentiya,RU,2022-08-01 07:28:08,65.5833,-171.0,47.44,82,100,7.65,overcast clouds
226,Ninghai,CN,2022-08-01 07:28:08,29.2892,121.4247,86.99,79,100,3.96,light rain
227,Eureka,US,2022-08-01 07:28:09,40.8021,-124.1637,65.68,88,84,3.0,broken clouds
228,Sao Joao Da Barra,BR,2022-08-01 07:28:09,-21.6403,-41.0511,65.34,81,0,3.53,clear sky
229,Narasannapeta,IN,2022-08-01 07:28:10,18.4167,84.05,91.58,60,100,7.58,overcast clouds
230,Port Hueneme,US,2022-08-01 07:28:10,34.1478,-119.1951,80.24,88,75,6.91,broken clouds
231,Shache,CN,2022-08-01 07:28:10,38.4167,77.2406,84.04,27,100,11.3,overcast clouds
232,Cervo,ES,2022-08-01 07:28:11,43.6702,-7.4101,68.97,87,98,13.56,overcast clouds
233,Pevek,RU,2022-08-01 07:28:11,69.7008,170.3133,55.4,49,0,10.16,clear sky
234,Zaragoza,ES,2022-08-01 07:28:11,41.6561,-0.8773,73.85,69,0,14.97,clear sky
235,Krosno Odrzanskie,PL,2022-08-01 07:28:12,52.0549,15.0988,71.78,80,86,8.34,overcast clouds
236,Necochea,AR,2022-08-01 07:28:12,-38.5473,-58.7368,48.88,84,100,7.25,light rain
237,Port Hardy,CA,2022-08-01 07:28:13,50.6996,-127.4199,60.98,94,100,2.3,overcast clouds
238,Rudnogorsk,RU,2022-08-01 07:28:13,57.2639,103.7519,74.26,70,46,5.82,light rain
239,Faanui,PF,2022-08-01 07:28:13,-16.4833,-151.75,78.37,72,70,26.89,light rain
240,Klyuchi,RU,2022-08-01 07:28:14,52.2667,79.1667,79.84,42,81,4.83,broken clouds
241,Saint-Joseph,RE,2022-08-01 07:28:14,-21.3667,55.6167,74.21,65,1,0.58,clear sky
242,Neiafu,TO,2022-08-01 07:28:15,-18.65,-173.9833,78.42,82,43,14.12,scattered clouds
243,Mayo,US,2022-08-01 07:24:46,38.8876,-76.5119,73.94,92,100,4.61,overcast clouds
244,Munsingen,DE,2022-08-01 07:28:15,48.4113,9.497,69.69,66,5,5.75,clear sky
245,Galesong,ID,2022-08-01 07:28:16,-5.3166,119.3661,87.82,73,84,5.95,broken clouds
246,Cockburn Town,TC,2022-08-01 07:28:16,21.4612,-71.1419,82.29,80,84,17.45,broken clouds
247,Saint Anthony,US,2022-08-01 07:28:16,45.0205,-93.218,72.55,82,40,14.97,scattered clouds
248,Innisfail,AU,2022-08-01 07:28:17,-17.5333,146.0333,70.56,89,99,7.67,overcast clouds
249,Kouroussa,GN,2022-08-01 07:28:17,10.65,-9.8833,69.42,98,100,3.53,moderate rain
250,Imbituba,BR,2022-08-01 07:28:18,-28.24,-48.6703,59.86,99,0,7.58,clear sky
251,San Patricio,US,2022-08-01 07:28:18,28.017,-97.5169,84.09,70,10,9.78,clear sky
252,Krasnoselkup,RU,2022-08-01 07:28:19,65.7,82.4667,60.4,44,5,24.92,clear sky
253,Nara,JP,2022-08-01 07:28:19,34.6851,135.8049,96.49,32,100,8.97,overcast clouds
254,San Rafael,AR,2022-08-01 07:28:19,-34.6177,-68.3301,46.47,43,80,3.27,broken clouds
255,Price,US,2022-08-01 07:28:20,39.5994,-110.8107,74.46,49,20,8.05,few clouds
256,Saskylakh,RU,2022-08-01 07:28:20,71.9167,114.0833,47.73,78,100,9.1,overcast clouds
257,Naze,JP,2022-08-01 07:28:20,28.3667,129.4833,81.52,79,51,13.85,broken clouds
258,Kamenka,RU,2022-08-01 07:28:21,51.3223,42.7678,76.42,44,33,12.39,scattered clouds
259,Okitipupa,NG,2022-08-01 07:28:21,6.5047,4.7839,73.53,93,100,6.06,light rain
260,Bethel,US,2022-08-01 07:28:22,41.3712,-73.414,71.91,93,100,4.61,moderate rain
261,Coihaique,CL,2022-08-01 07:28:22,-45.5752,-72.0662,34.41,80,0,5.75,clear sky
262,Bandundu,CD,2022-08-01 07:28:22,-3.3167,17.3667,79.7,51,5,6.22,clear sky
263,Zaoyang,CN,2022-08-01 07:28:23,32.1272,112.7542,93.94,46,38,6.38,scattered clouds
264,Jackson,US,2022-08-01 07:28:23,42.4165,-122.8345,84.07,45,0,3.44,clear sky
265,Flin Flon,CA,2022-08-01 07:28:23,54.7682,-101.865,49.59,89,6,4.99,clear sky
266,Kazachinskoye,RU,2022-08-01 07:28:24,57.6953,93.2761,67.55,77,100,8.41,overcast clouds
267,Kawalu,ID,2022-08-01 07:28:24,-7.3817,108.2082,90.05,40,89,5.59,overcast clouds
268,Sembe,CG,2022-08-01 07:28:24,1.6481,14.5806,73.99,75,84,4.68,broken clouds
269,Ukiah,US,2022-08-01 07:28:25,39.1502,-123.2078,73.29,73,0,0.0,clear sky
270,Salamanca,ES,2022-08-01 07:23:35,40.8333,-6.0,73.62,30,0,8.37,clear sky
271,Coquimbo,CL,2022-08-01 07:28:25,-29.9533,-71.3436,49.73,100,100,4.61,overcast clouds
272,Kimbe,PG,2022-08-01 07:29:26,-5.5502,150.1429,82.63,78,97,0.98,light rain
273,Noumea,NC,2022-08-01 07:29:26,-22.2763,166.4572,72.0,99,100,11.56,overcast clouds
274,Pumiao,CN,2022-08-01 07:29:27,22.75,108.4833,95.4,41,37,8.68,scattered clouds
275,Eyemouth,GB,2022-08-01 07:29:27,55.8713,-2.0901,59.23,82,77,5.86,broken clouds
276,Christchurch,NZ,2022-08-01 07:28:08,-43.5333,172.6333,43.41,74,10,4.61,clear sky
277,Huarmey,PE,2022-08-01 07:29:28,-10.0681,-78.1522,61.79,89,38,8.77,scattered clouds
278,Urusha,RU,2022-08-01 07:29:28,54.05,122.9,82.18,40,58,7.7,broken clouds
279,Darhan,MN,2022-08-01 07:29:28,49.4867,105.9228,87.31,32,14,5.08,few clouds
280,Gubkinskiy,RU,2022-08-01 07:29:29,64.434,76.5026,62.94,45,6,20.96,clear sky
281,San,ML,2022-08-01 07:29:29,13.3034,-4.8956,72.72,85,100,17.05,moderate rain
282,Aksu,CN,2022-08-01 07:29:30,41.1231,80.2644,85.73,29,100,3.29,overcast clouds
283,Shirvan,AZ,2022-08-01 07:29:30,39.9509,48.8994,89.62,32,26,5.17,scattered clouds
284,Altay,CN,2022-08-01 07:29:31,47.8667,88.1167,81.61,26,51,16.06,broken clouds
285,Tilichiki,RU,2022-08-01 07:29:31,60.4667,166.1,55.69,70,5,8.72,clear sky
286,San Pedro,PH,2022-08-01 07:29:32,14.35,121.0167,86.36,87,75,6.91,broken clouds
287,Klaksvik,FO,2022-08-01 07:29:32,62.2266,-6.589,50.92,76,76,10.74,broken clouds
288,Flinders,AU,2022-08-01 07:29:33,-34.5833,150.8552,62.19,50,0,7.0,clear sky
289,Whitianga,NZ,2022-08-01 07:29:34,-36.8333,175.7,50.02,83,0,5.3,clear sky
290,Nizhneangarsk,RU,2022-08-01 07:29:34,55.7833,109.55,54.05,96,100,2.04,overcast clouds
291,Hambantota,LK,2022-08-01 07:29:34,6.1241,81.1185,79.14,94,75,20.71,broken clouds
292,Flic En Flac,MU,2022-08-01 07:29:35,-20.2742,57.3631,75.76,69,31,9.33,scattered clouds
293,Paamiut,GL,2022-08-01 07:29:35,61.994,-49.6678,44.62,91,100,7.29,overcast clouds
294,Dunedin,NZ,2022-08-01 07:29:36,-45.8742,170.5036,48.79,74,100,1.01,light rain
295,Itarema,BR,2022-08-01 07:29:36,-2.9248,-39.9167,74.86,89,9,12.8,clear sky
296,Marzuq,YE,2022-08-01 07:29:37,14.4,46.4667,81.03,51,0,6.82,clear sky
297,San Quintin,MX,2022-08-01 07:29:37,30.4833,-115.95,69.57,80,18,5.57,few clouds
298,Yulara,AU,2022-08-01 07:29:38,-25.2406,130.9889,74.48,25,100,5.21,overcast clouds
299,Waspan,NI,2022-08-01 07:29:38,14.7419,-83.9717,73.87,98,66,2.71,broken clouds
300,Nizwa,OM,2022-08-01 07:29:39,22.9333,57.5333,90.66,49,29,4.32,scattered clouds
301,Matamoros,MX,2022-08-01 07:29:39,25.5333,-103.25,74.14,45,13,7.49,few clouds
302,Ancud,CL,2022-08-01 07:29:39,-41.8697,-73.8203,41.23,85,100,1.79,overcast clouds
303,Nanortalik,GL,2022-08-01 07:29:40,60.1432,-45.2371,46.09,94,100,7.74,overcast clouds
304,Matehuala,MX,2022-08-01 07:29:40,23.65,-100.65,64.4,82,33,9.15,scattered clouds
305,Burnie,AU,2022-08-01 07:29:41,-41.0667,145.9167,50.94,74,48,20.07,light rain
306,Awjilah,LY,2022-08-01 07:29:41,29.1081,21.2869,85.53,43,0,8.59,clear sky
307,Nome,US,2022-08-01 07:24:59,64.5011,-165.4064,57.27,73,100,6.91,overcast clouds
308,Adrar,MR,2022-08-01 07:29:42,20.5022,-10.0711,86.58,46,89,16.51,overcast clouds
309,Odiongan,PH,2022-08-01 07:29:42,12.4017,121.9919,84.09,74,100,13.13,overcast clouds
310,Hobyo,SO,2022-08-01 07:29:43,5.3505,48.5268,81.43,67,9,23.8,clear sky
311,Colan,PA,2022-08-01 07:29:43,7.5873,-80.2296,76.01,89,100,5.41,overcast clouds
312,Dikson,RU,2022-08-01 07:29:43,73.5069,80.5464,42.15,96,100,13.29,overcast clouds
313,Tonj,SS,2022-08-01 07:29:44,7.2737,28.6822,68.86,99,100,5.12,moderate rain
314,Murgab,TM,2022-08-01 07:29:44,37.4966,61.9714,96.67,30,0,0.0,clear sky
315,Sioux Lookout,CA,2022-08-01 07:29:45,50.1001,-91.917,55.47,100,100,9.22,overcast clouds
316,Balikpapan,ID,2022-08-01 07:29:45,-1.2675,116.8289,81.59,89,20,5.75,light rain
317,Syamzha,RU,2022-08-01 07:30:46,60.0158,41.0614,68.18,52,51,5.86,broken clouds
318,Rantepao,ID,2022-08-01 07:30:46,-2.9701,119.8978,72.14,94,100,1.16,light rain
319,Horki,BY,2022-08-01 07:30:46,54.2861,30.9842,71.87,65,43,12.3,scattered clouds
320,Acari,PE,2022-08-01 07:30:47,-15.4311,-74.6158,60.26,73,32,1.83,scattered clouds
321,Gari,RU,2022-08-01 07:30:47,59.4307,62.3497,70.65,41,100,10.25,overcast clouds
322,Camocim,BR,2022-08-01 07:30:47,-2.9022,-40.8411,74.41,90,41,12.88,scattered clouds
323,Black Diamond,US,2022-08-01 07:30:07,47.3087,-122.0032,74.39,72,6,1.01,clear sky
324,Qingdao,CN,2022-08-01 07:29:35,36.0986,120.3719,89.2,66,75,8.95,broken clouds
325,Cap Malheureux,MU,2022-08-01 07:30:48,-19.9842,57.6142,74.46,67,38,8.99,scattered clouds
326,Fairview,US,2022-08-01 07:30:20,40.8126,-73.999,72.72,86,100,9.22,heavy intensity rain
327,North Platte,US,2022-08-01 07:28:03,41.1239,-100.7654,71.38,67,0,3.44,clear sky
328,Hyderabad,IN,2022-08-01 07:29:22,17.3753,78.4744,79.21,94,75,4.61,broken clouds
329,Brae,GB,2022-08-01 07:30:49,60.3964,-1.353,54.84,74,83,12.64,broken clouds
330,Taltal,CL,2022-08-01 07:30:20,-25.4,-70.4833,54.88,87,34,1.12,scattered clouds
331,Manjacaze,MZ,2022-08-01 07:30:50,-24.7117,33.8828,70.65,73,67,15.43,light rain
332,Condado,CU,2022-08-01 07:30:50,21.8767,-79.8403,76.35,94,28,6.69,scattered clouds
333,Kavaratti,IN,2022-08-01 07:30:51,10.5669,72.642,77.18,88,100,26.08,moderate rain
334,Cotonou,BJ,2022-08-01 07:30:51,6.3654,2.4183,75.18,88,75,8.05,broken clouds
335,Geraldton,AU,2022-08-01 07:30:51,-28.7667,114.6,63.01,100,100,21.85,overcast clouds
336,Kirakira,SB,2022-08-01 07:30:52,-10.4544,161.9205,79.02,85,21,7.81,few clouds
337,Lovozero,RU,2022-08-01 07:30:52,68.005,35.0117,61.48,71,100,3.85,overcast clouds
338,Grand Gaube,MU,2022-08-01 07:30:52,-20.0064,57.6608,75.6,67,29,8.99,scattered clouds
339,Donji Milanovac,RS,2022-08-01 07:30:53,44.4627,22.1523,75.85,46,3,13.62,clear sky
340,Los Llanos De Aridane,ES,2022-08-01 07:30:53,28.6585,-17.9182,67.75,95,40,12.66,scattered clouds
341,Manakara,MG,2022-08-01 07:30:53,-22.1333,48.0167,74.84,64,3,5.19,clear sky
342,Qiongshan,CN,2022-08-01 07:30:54,20.0058,110.3542,94.98,55,40,13.42,scattered clouds
343,Erzin,TR,2022-08-01 07:30:54,36.9559,36.2,89.02,52,5,6.91,clear sky
344,Plouzane,FR,2022-08-01 07:30:55,48.3833,-4.6167,62.92,94,100,5.75,overcast clouds
345,Dingle,PH,2022-08-01 07:29:53,10.9995,122.6711,84.2,76,100,4.14,overcast clouds
346,Kushima,JP,2022-08-01 07:30:55,31.4583,131.2333,83.95,80,18,8.86,few clouds
347,Floro,NO,2022-08-01 07:30:56,61.5996,5.0328,56.23,67,40,6.91,scattered clouds
348,Vaitape,PF,2022-08-01 07:30:56,-16.5167,-151.75,78.55,70,87,25.97,overcast clouds
349,Bam,IR,2022-08-01 07:30:56,29.106,58.357,98.08,15,12,14.5,few clouds
350,Esperance,AU,2022-08-01 07:30:57,-33.8667,121.9,55.24,81,100,25.55,moderate rain
351,Kahului,US,2022-08-01 07:27:57,20.8947,-156.47,78.82,76,100,11.5,overcast clouds
352,Kjollefjord,NO,2022-08-01 07:30:57,70.9457,27.3465,64.22,68,40,6.91,scattered clouds
353,Svetlogorsk,BY,2022-08-01 07:30:58,52.6333,29.7333,75.92,47,100,11.01,overcast clouds
354,Dong Hoi,VN,2022-08-01 07:27:54,17.4833,106.6,86.61,69,99,9.91,overcast clouds
355,Malazgirt,TR,2022-08-01 07:30:58,39.1427,42.5401,88.63,15,0,5.35,clear sky
356,Burriana,ES,2022-08-01 07:30:59,39.889,-0.085,83.95,77,0,2.98,clear sky
357,Biltine,TD,2022-08-01 07:30:59,14.5333,20.9167,80.8,67,82,16.06,light rain
358,Algiers,DZ,2022-08-01 07:29:43,36.7525,3.042,78.62,78,40,3.44,scattered clouds
359,Palmer,US,2022-08-01 07:30:01,42.1584,-72.3287,72.01,79,75,5.75,light intensity drizzle
360,Storforshei,NO,2022-08-01 07:31:00,66.4043,14.5233,58.78,76,75,3.44,broken clouds
361,Dali,CN,2022-08-01 07:31:00,25.7,100.1833,72.05,78,99,2.64,overcast clouds
362,Aquiraz,BR,2022-08-01 07:31:00,-3.9014,-38.3911,77.09,88,83,12.01,broken clouds
363,Turan,VN,2022-08-01 07:26:55,16.0678,108.2208,93.18,52,20,11.5,few clouds
364,Trincomalee,LK,2022-08-01 07:31:01,8.5711,81.2335,87.06,67,99,17.85,overcast clouds
365,Makakilo City,US,2022-08-01 07:31:01,21.3469,-158.0858,77.32,64,100,13.8,overcast clouds
366,Santiago De Cao,PE,2022-08-01 07:31:02,-7.9589,-79.2392,59.13,88,25,4.61,mist
367,Imperia,IT,2022-08-01 07:32:02,43.9667,7.7833,81.95,39,0,4.36,clear sky
368,Touros,BR,2022-08-01 07:32:03,-5.1989,-35.4608,75.54,82,12,12.73,few clouds
369,Rapid Valley,US,2022-08-01 07:32:03,44.0625,-103.1463,72.63,58,0,5.99,clear sky
370,Rio Gallegos,AR,2022-08-01 07:32:03,-51.6226,-69.2181,39.25,65,75,10.36,broken clouds
371,Nadym,RU,2022-08-01 07:32:04,65.5333,72.5167,66.85,43,4,13.22,clear sky
372,Kishi,NG,2022-08-01 07:32:04,9.0833,3.85,72.75,84,99,9.91,overcast clouds
373,Lebu,CL,2022-08-01 07:32:05,-37.6167,-73.65,44.83,85,9,6.89,clear sky
374,Bentiu,SS,2022-08-01 07:32:05,9.2333,29.8333,76.15,85,95,9.62,light rain
375,Severnyy,RU,2022-08-01 07:32:06,50.677,36.5532,75.24,46,0,8.95,clear sky
376,Tezu,IN,2022-08-01 07:32:06,27.9167,96.1667,80.06,94,95,1.12,overcast clouds
377,Yuancheng,CN,2022-08-01 07:32:06,36.652,107.7896,88.25,39,99,13.73,overcast clouds
378,Halacho,MX,2022-08-01 07:32:07,20.4833,-90.0833,73.94,86,14,4.14,few clouds
379,Meadow Lake,US,2022-08-01 07:32:07,34.8014,-106.5436,75.11,51,22,4.21,few clouds
380,Bereznik,RU,2022-08-01 07:32:07,62.8551,42.7072,67.8,58,8,6.8,clear sky
381,Nago,JP,2022-08-01 07:32:08,26.5881,127.9761,85.05,79,48,11.34,scattered clouds
382,Portland,US,2022-08-01 07:32:08,45.5234,-122.6762,79.48,63,40,4.61,scattered clouds
383,Hualmay,PE,2022-08-01 07:32:09,-11.0964,-77.6139,60.66,86,51,6.58,broken clouds
384,Borda Da Mata,BR,2022-08-01 07:32:09,-22.2742,-46.1653,52.18,58,0,2.28,clear sky
385,Tiznit,MA,2022-08-01 07:32:09,29.5833,-9.5,91.78,21,94,3.83,overcast clouds
386,Podosinovets,RU,2022-08-01 07:32:10,60.2776,47.0659,70.74,51,0,6.02,clear sky
387,Vilhena,BR,2022-08-01 07:32:10,-12.7406,-60.1458,64.51,58,8,3.22,clear sky
388,Shasta Lake,US,2022-08-01 07:32:10,40.6804,-122.3708,81.32,52,100,1.59,overcast clouds
389,Ocos,GT,2022-08-01 07:32:11,14.5094,-92.1933,77.18,76,99,2.62,overcast clouds
390,Verkhoyansk,RU,2022-08-01 07:32:11,67.5447,133.385,78.67,50,100,15.95,overcast clouds
391,Bella Union,UY,2022-08-01 07:32:12,-30.2752,-57.6007,48.88,89,0,4.43,clear sky
392,Tyukalinsk,RU,2022-08-01 07:32:12,55.8732,72.1967,69.98,57,52,13.98,broken clouds
393,Diaz,PH,2022-08-01 07:32:13,15.8463,120.8347,82.26,81,100,2.1,overcast clouds
394,Chulym,RU,2022-08-01 07:32:13,55.0997,80.9572,60.53,92,100,12.62,light rain
395,China,MX,2022-08-01 07:32:14,25.7,-99.2333,79.12,75,0,11.07,clear sky
396,Ucluelet,CA,2022-08-01 07:32:14,48.9329,-125.5528,60.1,92,75,0.2,broken clouds
397,Somers,US,2022-08-01 07:32:14,42.6403,-87.9104,73.56,77,20,8.05,few clouds
398,Warrnambool,AU,2022-08-01 07:32:15,-38.3833,142.4833,53.94,73,14,19.04,few clouds
399,Mocuba,MZ,2022-08-01 07:32:15,-16.8392,36.9856,70.95,79,100,2.98,overcast clouds
400,Nata,PA,2022-08-01 07:32:16,8.3333,-80.5167,75.25,86,98,2.04,overcast clouds
401,Katghora,IN,2022-08-01 07:32:16,22.5,82.55,92.43,49,100,2.8,moderate rain
402,Tecpan,GT,2022-08-01 07:32:16,14.7623,-90.9947,55.62,96,84,5.91,broken clouds
403,Maragogi,BR,2022-08-01 07:32:17,-9.0122,-35.2225,73.96,83,31,10.67,scattered clouds
404,Vostok,RU,2022-08-01 07:32:17,46.4856,135.8833,73.62,81,100,3.11,overcast clouds
405,San Jose,US,2022-08-01 07:30:30,37.3394,-121.895,68.68,82,75,6.91,broken clouds
406,Axim,GH,2022-08-01 07:32:18,4.8699,-2.2405,75.15,77,100,12.37,overcast clouds
407,Lac-Megantic,CA,2022-08-01 07:32:18,45.5834,-70.8823,59.81,85,100,4.65,overcast clouds
408,Lorengau,PG,2022-08-01 07:32:18,-2.0226,147.2712,81.52,81,93,9.62,overcast clouds
409,Wamba,NG,2022-08-01 07:32:19,8.9333,8.6,71.49,95,100,2.04,light rain
410,Garowe,SO,2022-08-01 07:32:19,8.4054,48.4845,87.46,37,23,28.54,few clouds
411,Samandag,TR,2022-08-01 07:32:20,36.0842,35.9771,88.32,58,26,8.14,scattered clouds
412,Moura,PT,2022-08-01 07:32:20,38.1401,-7.4486,64.51,31,0,3.58,clear sky
413,Mineral Wells,US,2022-08-01 07:32:20,32.8085,-98.1128,87.66,42,0,9.22,clear sky
414,Yumen,CN,2022-08-01 07:33:21,40.2833,97.2,85.68,27,100,10.47,overcast clouds
415,Adzope,CI,2022-08-01 07:33:21,6.1069,-3.8619,71.46,89,100,3.96,overcast clouds
416,Saint-Jean-Port-Joli,CA,2022-08-01 07:33:22,47.2171,-70.2658,70.48,86,100,15.93,overcast clouds
417,Pacific Grove,US,2022-08-01 07:33:22,36.6177,-121.9166,63.25,88,0,3.44,clear sky
418,Port Elizabeth,ZA,2022-08-01 07:33:22,-33.918,25.5701,55.31,70,0,6.91,clear sky
419,Cordoba,AR,2022-08-01 07:33:17,-31.4135,-64.1811,43.65,65,0,3.44,clear sky
420,Senneterre,CA,2022-08-01 07:33:23,48.3835,-77.2328,59.22,79,10,7.61,clear sky
421,Barsovo,RU,2022-08-01 07:33:24,61.1667,73.1667,66.33,41,0,13.11,clear sky
422,Guozhen,CN,2022-08-01 07:33:24,34.3659,107.359,94.35,46,39,12.46,scattered clouds
423,Purgstall,AT,2022-08-01 07:33:25,48.0584,15.1348,71.74,77,75,8.88,broken clouds
424,Vila Franca Do Campo,PT,2022-08-01 07:33:25,37.7167,-25.4333,70.21,79,5,3.27,clear sky
425,Fuling,CN,2022-08-01 07:33:26,29.7022,107.3919,95.29,49,18,4.25,few clouds
426,Severobaykalsk,RU,2022-08-01 07:33:26,55.65,109.3167,56.25,91,97,1.99,overcast clouds
427,Buchanan,LR,2022-08-01 07:33:27,5.8808,-10.0467,75.88,84,100,9.33,light rain
428,Luderitz,NA,2022-08-01 07:33:27,-26.6481,15.1594,55.85,72,37,14.16,scattered clouds
429,Labuhan,ID,2022-08-01 07:33:27,-6.8844,112.2051,85.5,62,96,11.07,overcast clouds
430,Vilyuysk,RU,2022-08-01 07:33:28,63.7553,121.6247,80.02,58,98,8.08,overcast clouds
431,Nouadhibou,MR,2022-08-01 07:33:28,20.931,-17.0347,71.58,94,1,8.05,clear sky
432,Anadyr,RU,2022-08-01 07:33:29,64.75,177.4833,57.7,58,0,4.47,clear sky
433,Kulhudhuffushi,MV,2022-08-01 07:33:29,6.6221,73.07,81.55,67,100,24.63,moderate rain
434,Grindavik,IS,2022-08-01 07:33:30,63.8424,-22.4338,48.67,76,75,16.11,broken clouds
435,Ust-Maya,RU,2022-08-01 07:33:30,60.4167,134.5333,79.95,49,89,15.46,overcast clouds
436,Prado,BR,2022-08-01 07:30:15,-17.3411,-39.2208,70.59,89,74,7.43,broken clouds
437,Vestmannaeyjar,IS,2022-08-01 07:33:30,63.4427,-20.2734,47.39,76,40,14.97,scattered clouds
438,Annau,TM,2022-08-01 07:33:31,37.8876,58.516,78.3,57,75,11.5,light intensity shower rain
439,Dembi Dolo,ET,2022-08-01 07:33:31,8.5333,34.8,59.05,95,100,3.27,light rain
440,Sapernoye,RU,2022-08-01 07:33:32,60.7167,29.9505,73.65,46,100,6.33,overcast clouds
441,San Vicente,AR,2022-08-01 07:33:32,-26.6167,-54.1333,54.91,70,59,1.54,broken clouds
442,Fairbanks,US,2022-08-01 07:30:03,64.8378,-147.7164,62.56,82,100,3.44,overcast clouds
443,Sechelt,CA,2022-08-01 07:30:47,49.4664,-123.7694,75.2,67,13,1.45,few clouds
444,Alexandria,EG,2022-08-01 07:30:04,31.2156,29.9553,85.96,58,40,10.36,scattered clouds
445,Westport,US,2022-08-01 07:33:33,41.1415,-73.3579,74.79,91,100,6.91,heavy intensity rain
446,Morro Bay,US,2022-08-01 07:33:33,35.3658,-120.8499,74.25,81,40,1.77,scattered clouds
447,Pamfila,GR,2022-08-01 07:33:34,39.1567,26.5217,84.09,57,0,11.5,clear sky
448,Pontian Kecil,MY,2022-08-01 07:33:34,1.4801,103.3899,88.12,69,100,6.38,light rain
449,Saint Pete Beach,US,2022-08-01 07:30:04,27.7253,-82.7412,83.28,74,0,13.8,clear sky
450,Nelson Bay,AU,2022-08-01 07:33:35,-32.7167,152.15,64.0,85,2,7.0,clear sky
451,Jacareacanga,BR,2022-08-01 07:33:35,-6.2222,-57.7528,71.13,87,85,1.41,overcast clouds
452,Alberdi,AR,2022-08-01 07:33:36,-32.8899,-60.6906,53.08,91,0,1.14,light rain
453,Las Vegas,US,2022-08-01 07:31:32,36.175,-115.1372,83.08,59,0,8.05,clear sky
454,Narsaq,GL,2022-08-01 07:33:37,60.9167,-46.05,48.42,92,100,3.42,overcast clouds
455,Lander,US,2022-08-01 07:33:37,42.833,-108.7307,75.6,40,0,4.61,clear sky
456,Inyonga,TZ,2022-08-01 07:33:38,-6.7167,32.0667,77.94,41,61,7.9,broken clouds
457,Northam,GB,2022-08-01 07:33:38,51.0333,-4.2167,62.38,98,100,4.54,overcast clouds
458,Kloulklubed,PW,2022-08-01 07:33:39,7.0419,134.2556,75.7,78,100,14.65,heavy intensity rain
459,Roswell,US,2022-08-01 07:31:41,34.0232,-84.3616,73.96,96,0,0.0,clear sky
460,Byron Bay,AU,2022-08-01 07:34:39,-28.65,153.6167,62.94,80,100,7.31,overcast clouds
461,Leiva,CO,2022-08-01 07:34:40,1.9339,-77.3025,62.78,97,100,0.51,light rain
462,Ajka,HU,2022-08-01 07:34:40,47.102,17.5589,71.53,43,86,7.96,overcast clouds
463,Maradi,NE,2022-08-01 07:34:40,13.5,7.1017,73.62,94,75,4.61,broken clouds
464,Yatou,CN,2022-08-01 07:34:41,37.15,122.3833,81.68,87,42,10.27,scattered clouds
465,Petatlan,MX,2022-08-01 07:34:41,17.5167,-101.2667,77.59,87,95,2.55,overcast clouds
466,Dryden,CA,2022-08-01 07:34:41,49.7833,-92.7503,55.69,94,100,9.22,mist
467,West Richland,US,2022-08-01 07:30:33,46.3043,-119.3614,88.3,42,0,7.0,clear sky
468,Guerrero Negro,MX,2022-08-01 07:34:42,27.9769,-114.0611,71.71,75,66,7.61,broken clouds
469,Kosh-Agach,RU,2022-08-01 07:34:42,50.0,88.6667,71.46,29,76,15.5,broken clouds
470,Turka,UA,2022-08-01 07:34:43,49.1541,23.0297,58.8,98,100,2.64,overcast clouds
471,Rudbar,AF,2022-08-01 07:34:43,30.15,62.6,103.91,11,0,23.26,clear sky
472,Canon City,US,2022-08-01 07:34:44,38.441,-105.2424,72.39,50,0,9.22,clear sky
473,Karasjok,NO,2022-08-01 07:34:44,69.4719,25.5112,60.24,73,82,3.33,broken clouds
474,Panacan,PH,2022-08-01 07:34:45,9.2463,118.4082,81.82,81,100,4.41,overcast clouds
475,Muisne,EC,2022-08-01 07:34:45,0.6,-80.0333,73.51,89,100,8.72,light rain
476,Mount Gambier,AU,2022-08-01 07:34:45,-37.8333,140.7667,51.49,84,46,11.48,light rain
477,Borsa,RO,2022-08-01 07:34:46,47.6553,24.6633,63.07,83,100,3.65,overcast clouds
478,Rayachoti,IN,2022-08-01 07:34:46,14.05,78.75,94.96,37,93,5.48,overcast clouds
479,Powell,US,2022-08-01 07:34:47,40.1578,-83.0752,67.68,94,100,3.44,overcast clouds
480,Santa Rosa,PH,2022-08-01 07:34:47,14.3122,121.1114,87.12,85,100,4.65,overcast clouds
481,Nantucket,US,2022-08-01 07:34:47,41.2835,-70.0995,75.99,93,75,3.44,broken clouds
482,Priladozhskiy,RU,2022-08-01 07:34:48,59.85,31.4833,67.53,1,100,6.13,overcast clouds
483,Kalmunai,LK,2022-08-01 07:34:48,7.4167,81.8167,86.65,65,100,5.03,overcast clouds
484,Kismayo,SO,2022-08-01 07:34:48,-0.3582,42.5454,78.51,67,77,17.27,broken clouds
485,Baykit,RU,2022-08-01 07:34:49,61.67,96.37,62.69,68,100,4.79,overcast clouds
486,Nampa,US,2022-08-01 07:34:49,43.5407,-116.5635,85.03,42,0,3.0,clear sky
487,Dauphin,CA,2022-08-01 07:34:50,51.1494,-100.0502,59.14,86,100,3.44,overcast clouds
488,Manta,EC,2022-08-01 07:34:50,-0.95,-80.7333,71.38,83,75,9.22,broken clouds
489,Farmington,US,2022-08-01 07:34:31,36.7281,-108.2187,70.48,64,0,5.01,clear sky
490,Tuxtepec,MX,2022-08-01 07:30:56,18.1,-96.1167,72.75,97,99,1.9,overcast clouds
491,Tarata,BO,2022-08-01 07:34:51,-17.6167,-66.0167,54.68,82,0,2.59,clear sky
492,Bela,IN,2022-08-01 07:34:51,25.9333,81.9833,99.99,36,76,8.72,broken clouds
493,Harboore,DK,2022-08-01 07:34:51,56.6175,8.1807,62.19,67,1,24.7,clear sky
494,Talnakh,RU,2022-08-01 07:34:52,69.4865,88.3972,49.21,43,8,24.87,clear sky
495,Olafsvik,IS,2022-08-01 07:34:52,64.8945,-23.7142,49.91,71,58,4.21,broken clouds
496,Xuddur,SO,2022-08-01 07:34:52,4.1213,43.8894,86.31,34,7,23.87,clear sky
497,Ostrovnoy,RU,2022-08-01 07:34:53,68.0531,39.5131,56.66,84,100,2.46,light rain
498,Umm Lajj,SA,2022-08-01 07:34:53,25.0213,37.2685,89.87,50,14,9.01,few clouds
499,Cururupu,BR,2022-08-01 07:34:54,-1.8283,-44.8683,73.04,98,86,2.75,overcast clouds
500,Tocopilla,CL,2022-08-01 07:34:54,-22.092,-70.1979,59.0,74,21,5.14,few clouds
501,Povoa De Varzim,PT,2022-08-01 07:34:55,41.3834,-8.7636,83.16,83,0,5.75,clear sky
502,Emerald,AU,2022-08-01 07:34:55,-23.5333,148.1667,68.34,63,50,7.38,scattered clouds
503,Saint-Denis,FR,2022-08-01 07:34:55,48.9167,2.3333,72.75,77,100,8.05,overcast clouds
504,Inuvik,CA,2022-08-01 07:30:03,68.3499,-133.7218,56.26,88,75,5.75,broken clouds
505,Porbandar,IN,2022-08-01 07:33:22,21.6422,69.6093,85.98,70,75,12.66,haze
506,Saldanha,ZA,2022-08-01 07:35:56,-33.0117,17.9442,44.65,60,0,10.98,clear sky
507,Simao,CN,2022-08-01 07:35:56,22.7886,100.9748,78.76,71,100,2.89,overcast clouds
508,Karaman,TR,2022-08-01 07:35:57,37.0833,33.25,82.56,24,0,9.06,clear sky
509,El Alto,PE,2022-08-01 07:35:57,-4.2714,-81.2147,61.27,84,13,13.53,few clouds
510,Warmbad,NA,2022-08-01 07:35:57,-28.45,18.7333,53.65,30,100,13.24,overcast clouds
511,Lenger,KZ,2022-08-01 07:35:58,42.183,69.8839,83.64,18,1,13.98,clear sky
512,Kerema,PG,2022-08-01 07:35:58,-7.9631,145.7785,78.62,87,68,0.76,broken clouds
513,Chernyshevskiy,RU,2022-08-01 07:35:59,63.0128,112.4714,78.08,47,21,4.72,few clouds
514,Ati,TD,2022-08-01 07:35:59,13.2154,18.3353,73.45,91,100,8.3,moderate rain
515,Upington,ZA,2022-08-01 07:33:55,-28.4478,21.2561,55.78,38,75,5.75,broken clouds
516,Kysyl-Syr,RU,2022-08-01 07:35:59,63.8986,122.7617,76.87,66,88,5.14,overcast clouds
517,Inhambane,MZ,2022-08-01 07:36:00,-23.865,35.3833,73.38,78,20,3.44,few clouds
518,Vieques,PR,2022-08-01 07:36:00,18.425,-65.8329,82.44,83,40,11.5,scattered clouds
519,Khoy,IR,2022-08-01 07:36:01,38.5504,44.9535,87.89,32,2,2.19,clear sky
520,Talara,PE,2022-08-01 07:36:01,-4.5772,-81.2719,62.46,86,28,14.18,scattered clouds
521,Lumeje,AO,2022-08-01 07:36:01,-11.55,20.7833,74.8,19,11,7.05,few clouds
522,Thenzawl,IN,2022-08-01 07:36:02,23.3167,92.75,79.0,78,95,2.3,overcast clouds
523,Poso,ID,2022-08-01 07:36:02,-1.3959,120.7524,78.87,89,100,3.06,overcast clouds
524,Xifeng,CN,2022-08-01 07:36:03,42.7372,124.7222,86.59,71,28,3.62,scattered clouds
525,Mahon,ES,2022-08-01 07:36:03,39.8885,4.2658,84.76,54,0,9.22,clear sky
526,Katsuura,JP,2022-08-01 07:36:03,35.1333,140.3,84.18,79,90,15.9,overcast clouds
527,Nioro,GM,2022-08-01 07:36:04,13.35,-15.75,74.34,93,100,3.18,overcast clouds
528,Xicotencatl,MX,2022-08-01 07:36:04,23.0167,-98.8833,79.2,89,8,1.05,clear sky
529,Plettenberg Bay,ZA,2022-08-01 07:36:05,-34.0527,23.3716,56.26,51,0,2.33,clear sky
530,Botwood,CA,2022-08-01 07:36:05,49.1499,-55.3482,60.91,80,0,6.87,clear sky
531,Namatanai,PG,2022-08-01 07:36:06,-3.6667,152.4333,81.72,78,86,11.95,overcast clouds
532,Beisfjord,NO,2022-08-01 07:36:06,68.3751,17.5988,66.04,62,96,2.04,overcast clouds
533,Gryazi,RU,2022-08-01 07:36:06,52.4966,39.9359,75.49,43,78,9.73,broken clouds
534,Yen Bai,VN,2022-08-01 07:36:07,21.7,104.8667,87.67,77,57,4.83,broken clouds
535,Savannakhet,LA,2022-08-01 07:36:07,16.566,104.751,89.62,48,75,4.61,broken clouds
536,Kidal,ML,2022-08-01 07:36:08,18.4411,1.4078,92.79,22,27,1.79,scattered clouds
537,Adre,TD,2022-08-01 07:36:08,13.4667,22.2,72.3,76,100,5.57,overcast clouds
538,Moanda,GA,2022-08-01 07:36:08,-1.5575,13.2178,70.03,56,10,3.11,clear sky
539,Georgetown,MY,2022-08-01 07:34:32,5.4112,100.3354,89.53,73,40,10.36,scattered clouds
540,Bayburt,TR,2022-08-01 07:36:09,40.2589,40.2278,81.05,34,0,5.41,clear sky
541,Mishkino,RU,2022-08-01 07:36:09,55.3389,63.9175,72.91,69,32,9.17,moderate rain
542,Tursunzoda,TJ,2022-08-01 07:36:10,38.5144,68.2333,89.94,23,100,6.42,overcast clouds
543,Tashigang,BT,2022-08-01 07:36:10,27.3331,91.5542,75.43,92,100,3.85,overcast clouds
544,Linqu,CN,2022-08-01 07:36:10,36.5156,118.5397,88.56,63,12,7.18,few clouds
545,Rezina,MD,2022-08-01 07:36:11,47.7492,28.9622,78.04,45,100,9.42,overcast clouds
546,Shenjiamen,CN,2022-08-01 07:36:11,29.9576,122.298,84.88,79,100,6.2,overcast clouds
547,Andenes,NO,2022-08-01 07:36:12,69.3143,16.1194,57.18,88,40,8.05,scattered clouds
548,Khasan,RU,2022-08-01 07:36:12,42.4308,130.6434,75.25,95,100,2.1,light rain
549,Abu Samrah,SY,2022-08-01 07:36:12,35.3029,37.1841,90.16,28,0,7.9,clear sky
550,Gat,IL,2022-08-01 07:33:04,31.61,34.7642,88.39,100,0,6.96,clear sky
551,Redmond,US,2022-08-01 07:35:16,47.674,-122.1215,75.09,70,3,2.26,clear sky
552,Alihe,CN,2022-08-01 07:36:13,50.5667,123.7167,80.71,48,75,4.7,broken clouds
553,Terra Santa,BR,2022-08-01 07:37:13,-2.1042,-56.4869,71.35,97,76,2.46,broken clouds
554,Verkh-Usugli,RU,2022-08-01 07:37:14,52.7,115.1667,68.4,78,92,7.58,light rain
555,Panjab,AF,2022-08-01 07:37:14,34.388,67.0233,73.02,23,6,5.7,clear sky
556,Bosaso,SO,2022-08-01 07:37:15,11.2842,49.1816,98.58,32,0,26.46,clear sky
557,Tapejara,BR,2022-08-01 07:37:15,-28.0681,-52.0139,44.89,87,0,2.68,clear sky
558,Potam,MX,2022-08-01 07:37:15,27.6,-110.3833,84.72,68,55,3.13,broken clouds
559,Batagay-Alyta,RU,2022-08-01 07:37:16,67.8006,130.4114,74.89,42,100,7.63,overcast clouds
560,Langfang,CN,2022-08-01 07:37:16,39.5097,116.6947,96.37,42,0,6.4,clear sky
561,Prince Rupert,CA,2022-08-01 07:36:10,54.3161,-130.3201,58.69,88,100,12.66,overcast clouds
562,Waipawa,NZ,2022-08-01 07:37:17,-41.4122,175.5153,40.75,85,0,4.88,clear sky
563,Terekli-Mekteb,RU,2022-08-01 07:37:17,44.1671,45.8698,94.66,23,0,15.32,clear sky
564,Mount Isa,AU,2022-08-01 07:37:18,-20.7333,139.5,82.17,20,0,5.75,clear sky
565,Vokhtoga,RU,2022-08-01 07:37:18,58.8147,41.0461,70.25,46,64,4.88,broken clouds
566,Tanout,NE,2022-08-01 07:37:18,14.9709,8.8879,80.71,56,88,13.15,overcast clouds
567,Champerico,GT,2022-08-01 07:37:19,14.3,-91.9167,77.76,78,99,3.62,overcast clouds
568,Paris,FR,2022-08-01 07:37:05,48.8534,2.3488,72.77,76,100,8.05,overcast clouds
569,Aykhal,RU,2022-08-01 07:37:19,66.0,111.5,55.2,81,99,19.19,overcast clouds
570,Richards Bay,ZA,2022-08-01 07:37:20,-28.783,32.0377,62.31,70,100,6.13,overcast clouds
571,Piopio,NZ,2022-08-01 07:37:20,-38.4667,175.0167,42.06,98,8,1.5,clear sky
572,Yanam,IN,2022-08-01 07:37:21,16.7333,82.2167,88.09,67,100,5.64,overcast clouds
573,Milkovo,RU,2022-08-01 07:37:21,54.7167,158.6167,60.51,85,47,0.92,light rain
574,Yinchuan,CN,2022-08-01 07:37:21,38.4681,106.2731,96.46,24,54,10.4,broken clouds
575,Chanika,TZ,2022-08-01 07:37:22,-5.4167,38.0167,73.29,60,83,7.29,broken clouds
576,Sisimiut,GL,2022-08-01 07:37:22,66.9395,-53.6735,46.22,79,33,2.77,scattered clouds
577,Listvyanskiy,RU,2022-08-01 07:37:23,54.4399,83.4984,80.83,43,94,5.7,overcast clouds
578,Poronaysk,RU,2022-08-01 07:37:23,49.2167,143.1167,58.96,85,95,14.61,overcast clouds
579,Bolshevik,BY,2022-08-01 07:37:23,54.0065,27.5692,71.22,69,100,10.54,overcast clouds
580,Chumikan,RU,2022-08-01 07:37:24,54.7183,135.315,54.37,99,100,9.62,light rain
581,Kungurtug,RU,2022-08-01 07:37:24,50.5994,97.5228,76.69,45,100,1.48,overcast clouds
582,Sombrerete,MX,2022-08-01 07:37:24,23.6333,-103.65,59.95,58,74,5.3,broken clouds
583,Hirara,JP,2022-08-01 07:37:25,24.8,125.2833,80.87,89,75,6.91,light intensity shower rain
584,Belvidere,US,2022-08-01 07:37:25,42.2639,-88.8443,72.55,92,7,11.3,clear sky
585,Flagstaff,US,2022-08-01 07:34:53,35.1981,-111.6513,62.26,93,0,1.01,clear sky
586,Labuan,MY,2022-08-01 07:37:26,5.2767,115.2417,88.16,66,20,5.01,few clouds
587,Lundazi,ZM,2022-08-01 07:37:26,-12.2929,33.1782,75.58,36,0,10.2,clear sky
588,Ageyevo,RU,2022-08-01 07:37:27,54.1588,36.4693,71.87,47,95,6.38,overcast clouds
589,Beira,MZ,2022-08-01 07:37:27,-19.8436,34.8389,73.49,78,40,8.05,scattered clouds
590,Kokopo,PG,2022-08-01 07:37:27,-4.352,152.2633,82.67,69,63,8.93,broken clouds
591,Zhanaozen,KZ,2022-08-01 07:37:28,43.3,52.8,92.86,19,1,7.18,clear sky
592,Mechanicsville,US,2022-08-01 07:34:39,37.6088,-77.3733,74.32,97,75,5.75,mist
593,Falkenberg,SE,2022-08-01 07:37:28,56.9055,12.4912,63.25,91,100,9.86,overcast clouds
594,Haapiti,PF,2022-08-01 07:37:29,-17.5667,-149.8667,73.13,67,0,23.55,clear sky
595,Chingola,ZM,2022-08-01 07:37:29,-12.529,27.8838,72.36,31,0,8.28,clear sky
596,Drochtersen,DE,2022-08-01 07:33:35,53.7102,9.3846,63.43,76,100,11.32,overcast clouds
597,Pisco,PE,2022-08-01 07:38:30,-13.7,-76.2167,60.85,82,100,4.61,overcast clouds
598,Novyye Burasy,RU,2022-08-01 07:38:30,52.1324,46.0714,75.85,48,8,10.33,clear sky
599,Jiazi,CN,2022-08-01 07:38:31,22.8779,116.067,88.27,68,91,14.81,overcast clouds
600,Deder,ET,2022-08-01 07:38:31,9.3167,41.45,58.28,83,100,5.77,light rain
601,Baruun-Urt,MN,2022-08-01 07:38:32,46.6806,113.2792,86.09,31,100,6.96,overcast clouds
602,Manggar,ID,2022-08-01 07:38:32,-2.8833,108.2667,82.9,75,95,8.99,overcast clouds
603,Mopipi,BW,2022-08-01 07:38:32,-21.1833,24.8833,70.86,16,0,22.03,clear sky
604,Portobelo,PA,2022-08-01 07:38:33,9.55,-79.65,79.11,88,100,7.4,overcast clouds
605,Junagarh,IN,2022-08-01 07:38:33,19.8667,82.9333,94.41,46,100,4.03,overcast clouds
606,Ixtapa,MX,2022-08-01 07:38:33,20.7,-105.2,76.23,94,100,5.75,overcast clouds
607,Dalbandin,PK,2022-08-01 07:38:34,28.8947,64.4101,102.11,10,1,17.67,clear sky
608,Port-Gentil,GA,2022-08-01 07:38:34,-0.7193,8.7815,76.96,78,40,8.05,scattered clouds
609,Jining,CN,2022-08-01 07:38:35,35.405,116.5814,89.37,66,85,0.29,overcast clouds
610,Saint-Augustin,CA,2022-08-01 07:38:35,51.226,-58.6502,63.3,62,100,5.14,overcast clouds
611,Rio Cuarto,AR,2022-08-01 07:38:35,-33.1307,-64.3499,46.17,71,0,4.61,clear sky
612,Laguna,US,2022-08-01 07:38:36,38.421,-121.4238,75.18,66,0,6.91,clear sky
613,Baracoa,CU,2022-08-01 07:38:36,20.3467,-74.4958,80.92,86,94,11.43,overcast clouds
614,Urumqi,CN,2022-08-01 07:36:12,43.801,87.6005,85.15,29,0,6.71,clear sky
615,Dukat,RU,2022-08-01 07:38:37,62.55,155.55,58.42,57,90,11.81,overcast clouds
616,Snyder,US,2022-08-01 07:36:29,32.7179,-100.9176,84.09,28,0,10.36,clear sky
617,Mulege,MX,2022-08-01 07:38:37,26.8833,-111.9833,85.93,59,80,2.21,broken clouds
618,Owerri,NG,2022-08-01 07:38:38,5.4833,7.0304,74.08,89,100,5.44,overcast clouds
619,Kutum,SD,2022-08-01 07:38:38,14.2,24.6667,71.83,67,100,5.3,overcast clouds
620,Belaya Gora,RU,2022-08-01 07:38:39,68.5333,146.4167,85.6,35,100,9.04,overcast clouds
621,Pemangkat,ID,2022-08-01 07:38:39,1.1667,108.9667,84.88,71,67,7.05,broken clouds
622,Huanren,CN,2022-08-01 07:38:39,41.2647,125.3667,86.58,69,98,2.28,overcast clouds
623,Nisia Floresta,BR,2022-08-01 07:38:40,-6.0911,-35.2086,75.58,92,23,7.58,few clouds
624,Coolum Beach,AU,2022-08-01 07:38:40,-26.5333,153.1,63.1,90,99,2.33,overcast clouds
625,Tulun,RU,2022-08-01 07:38:41,54.5611,100.5792,82.69,42,16,3.78,few clouds
626,Leninsk-Kuznetskiy,RU,2022-08-01 07:38:41,54.6567,86.1737,77.2,57,38,4.59,light rain
627,Clyde River,CA,2022-08-01 07:38:41,70.4692,-68.5914,35.83,100,100,8.05,overcast clouds
628,Sovetskaya Gavan,RU,2022-08-01 07:38:42,48.9723,140.2878,63.77,86,83,13.62,broken clouds
629,Puri,IN,2022-08-01 07:38:42,19.8,85.85,91.92,67,100,11.86,overcast clouds
630,Krasnoye,UA,2022-08-01 07:38:42,49.9145,24.6134,64.29,84,100,7.74,overcast clouds
631,Barentu,ER,2022-08-01 07:38:43,15.1139,37.5928,69.39,84,100,8.72,overcast clouds
632,Doha,QA,2022-08-01 07:38:43,25.2867,51.5333,98.58,52,20,14.97,few clouds
633,Bocanda,CI,2022-08-01 07:38:44,7.0626,-4.4995,71.64,90,100,5.75,overcast clouds
634,Gizo,SB,2022-08-01 07:38:44,-8.103,156.8419,83.48,72,23,8.16,light rain
635,Itoman,JP,2022-08-01 07:38:44,26.1247,127.6694,84.97,84,75,13.8,broken clouds
636,Lodja,CD,2022-08-01 07:38:45,-3.4833,23.4333,84.74,51,69,3.76,broken clouds
637,Agirish,RU,2022-08-01 07:38:45,61.9247,63.0231,72.34,32,6,7.23,clear sky
638,Tazmalt,DZ,2022-08-01 07:38:45,36.3868,4.3989,84.72,49,0,4.59,clear sky
639,Teacapan,MX,2022-08-01 07:38:46,22.55,-105.75,78.69,81,96,5.64,overcast clouds
640,Texas City,US,2022-08-01 07:34:54,29.3838,-94.9027,83.98,84,20,13.8,few clouds
641,General Roca,AR,2022-08-01 07:39:46,-39.0333,-67.5833,46.71,61,100,4.41,overcast clouds
642,Port Moresby,PG,2022-08-01 07:39:47,-9.4431,147.1797,83.62,74,40,5.75,haze
643,Znamenskoye,RU,2022-08-01 07:39:47,57.1281,73.8282,69.87,44,100,10.74,overcast clouds
644,Khatassy,RU,2022-08-01 07:39:48,61.9036,129.6383,82.38,69,100,9.71,light rain
645,Jeremie,HT,2022-08-01 07:39:48,18.65,-74.1167,80.91,79,24,2.17,few clouds
646,Meulaboh,ID,2022-08-01 07:39:48,4.1363,96.1285,85.23,66,98,9.55,overcast clouds
647,Carsamba,TR,2022-08-01 07:39:49,41.1989,36.7219,88.29,69,75,6.91,broken clouds
648,Visby,SE,2022-08-01 07:39:49,57.6409,18.296,70.05,72,20,5.75,few clouds
649,Kathmandu,NP,2022-08-01 07:35:11,27.7167,85.3167,77.22,83,75,2.3,broken clouds
650,Irtyshskiy,RU,2022-08-01 07:39:50,58.3333,68.1333,71.02,44,100,10.25,overcast clouds
651,Nanakuli,US,2022-08-01 07:39:50,21.3906,-158.1547,80.55,58,100,8.05,light rain
652,Chapais,CA,2022-08-01 07:39:51,49.7834,-74.8492,56.98,85,30,5.48,scattered clouds
653,Takoradi,GH,2022-08-01 07:39:51,4.8845,-1.7554,74.55,79,100,12.59,overcast clouds
654,Codo,BR,2022-08-01 07:39:51,-4.4553,-43.8856,70.43,98,35,1.81,scattered clouds
655,Morondava,MG,2022-08-01 07:39:52,-20.2833,44.2833,82.02,44,4,3.47,clear sky
656,General Pico,AR,2022-08-01 07:39:52,-35.6566,-63.7568,47.05,64,2,4.16,clear sky
657,Darien,US,2022-08-01 07:39:53,41.752,-87.974,74.59,86,1,10.36,clear sky
658,Okhotsk,RU,2022-08-01 07:39:53,59.3833,143.3,58.77,86,100,6.64,overcast clouds
659,Honjo,JP,2022-08-01 07:39:53,36.2333,139.1833,94.42,37,100,1.63,overcast clouds
660,Athabasca,CA,2022-08-01 07:39:54,54.7169,-113.2854,55.81,92,95,5.1,overcast clouds
661,Abu Kamal,SY,2022-08-01 07:39:54,34.4506,40.9171,99.95,20,0,7.27,clear sky
662,Honiara,SB,2022-08-01 07:39:55,-9.4333,159.95,79.03,85,5,7.63,clear sky
663,Bol,TD,2022-08-01 07:39:55,13.4586,14.7147,79.34,77,100,12.33,moderate rain
664,Walvis Bay,NA,2022-08-01 07:39:55,-22.9575,14.5053,56.35,62,98,11.5,overcast clouds
665,New Braunfels,US,2022-08-01 07:39:56,29.703,-98.1245,81.16,80,0,9.22,clear sky
666,Altagracia De Orituco,VE,2022-08-01 07:39:56,9.8601,-66.3814,70.66,97,59,3.4,broken clouds
667,Zhicheng,CN,2022-08-01 07:39:57,30.2956,111.5047,94.39,55,12,10.04,few clouds
668,Banda Aceh,ID,2022-08-01 07:39:57,5.5577,95.3222,83.16,71,99,12.55,light rain
669,Angoche,MZ,2022-08-01 07:39:58,-16.2325,39.9086,78.4,64,14,9.51,few clouds
670,Les Cayes,HT,2022-08-01 07:39:58,18.2,-73.75,79.83,89,31,6.06,scattered clouds
671,Srednekolymsk,RU,2022-08-01 07:39:59,67.45,153.6833,77.09,41,100,8.5,overcast clouds
672,Antofagasta,CL,2022-08-01 07:39:59,-23.65,-70.4,56.48,88,69,3.74,broken clouds
673,Uruzgan,AF,2022-08-01 07:39:59,32.8333,66.0,89.26,22,1,10.71,clear sky
674,Pembroke,CA,2022-08-01 07:40:00,45.8168,-77.1162,58.82,95,14,1.95,few clouds
675,Lircay,PE,2022-08-01 07:40:01,-12.9896,-74.7205,46.06,83,91,1.48,overcast clouds
676,Gorontalo,ID,2022-08-01 07:40:01,0.5412,123.0595,80.15,91,100,1.5,overcast clouds
677,Fengkou,CN,2022-08-01 07:40:01,30.0833,113.2667,95.04,48,0,1.19,clear sky
678,Verkhnevilyuysk,RU,2022-08-01 07:41:02,63.4453,120.3167,80.13,59,87,6.51,overcast clouds
679,Vestmanna,FO,2022-08-01 07:41:02,62.1564,-7.1664,50.92,87,75,9.22,light rain
680,Pecos,US,2022-08-01 07:41:02,31.4229,-103.4932,85.03,32,0,9.22,clear sky
681,Sinegorskiy,RU,2022-08-01 07:41:03,48.0139,40.8447,89.51,30,23,8.9,few clouds
682,Owando,CG,2022-08-01 07:41:03,-0.4819,15.8999,82.02,49,44,4.68,scattered clouds
683,Erenhot,CN,2022-08-01 07:41:04,43.6475,111.9767,82.81,33,100,17.27,overcast clouds
684,Sola,VU,2022-08-01 07:41:04,-13.8833,167.55,80.19,76,1,15.79,clear sky
685,Conde,BR,2022-08-01 07:41:04,-7.2597,-34.9075,71.06,100,40,3.44,scattered clouds
686,Ketchikan,US,2022-08-01 07:41:05,55.3422,-131.6461,59.47,82,100,4.61,overcast clouds
687,Bundaberg,AU,2022-08-01 07:41:05,-24.85,152.35,65.21,82,100,4.21,overcast clouds
688,Shimoda,JP,2022-08-01 07:41:06,34.6667,138.95,88.16,81,72,13.87,broken clouds
689,Toyo,PH,2022-08-01 07:41:06,10.7333,125.0167,84.47,75,100,5.12,overcast clouds
690,Savelugu,GH,2022-08-01 07:41:06,9.6244,-0.8253,74.23,89,82,12.33,broken clouds
691,Santa Cruz,BO,2022-08-01 07:41:07,-17.8,-63.1667,72.86,73,75,4.61,broken clouds
